-- phpMyAdmin SQL Dump
-- version 5.2.1
-- https://www.phpmyadmin.net/
--
-- Gép: 127.0.0.1
-- Létrehozás ideje: 2025. Már 03. 20:17
-- Kiszolgáló verziója: 10.4.32-MariaDB
-- PHP verzió: 8.2.12

SET SQL_MODE = "NO_AUTO_VALUE_ON_ZERO";
START TRANSACTION;
SET time_zone = "+00:00";


/*!40101 SET @OLD_CHARACTER_SET_CLIENT=@@CHARACTER_SET_CLIENT */;
/*!40101 SET @OLD_CHARACTER_SET_RESULTS=@@CHARACTER_SET_RESULTS */;
/*!40101 SET @OLD_COLLATION_CONNECTION=@@COLLATION_CONNECTION */;
/*!40101 SET NAMES utf8mb4 */;

--
-- Adatbázis: `webshoppp`
--

-- --------------------------------------------------------

--
-- Tábla szerkezet ehhez a táblához `akcio`
--

CREATE TABLE `akcio` (
  `akcios_ar` int(11) NOT NULL,
  `akcio_eleje` date NOT NULL,
  `akcio_vege` date NOT NULL,
  `a_azonosito` int(20) NOT NULL
) ENGINE=InnoDB DEFAULT CHARSET=utf8mb4 COLLATE=utf8mb4_general_ci;

-- --------------------------------------------------------

--
-- Tábla szerkezet ehhez a táblához `kategoriak`
--

CREATE TABLE `kategoriak` (
  `cs_azonosito` int(11) NOT NULL,
  `cs_nev` varchar(255) NOT NULL,
  `cs_csoport` int(11) DEFAULT NULL,
  `t_alkategoria` int(11) DEFAULT NULL,
  `fo_kategoria` int(11) DEFAULT NULL
) ENGINE=InnoDB DEFAULT CHARSET=utf8mb4 COLLATE=utf8mb4_general_ci;

--
-- A tábla adatainak kiíratása `kategoriak`
--

INSERT INTO `kategoriak` (`cs_azonosito`, `cs_nev`, `cs_csoport`, `t_alkategoria`, `fo_kategoria`) VALUES
(2, 'nadrág', NULL, NULL, NULL),
(4, 'Póló', 1, 6, 1),
(5, 'Pulóver', 1, NULL, 1);

-- --------------------------------------------------------

--
-- Tábla szerkezet ehhez a táblához `kosar`
--

CREATE TABLE `kosar` (
  `azonosito` int(30) NOT NULL,
  `felhasznalo_id` int(30) NOT NULL,
  `termek_id` int(30) NOT NULL,
  `mennyiseg` int(30) NOT NULL,
  `ruhatipus_id` varchar(30) NOT NULL
) ENGINE=InnoDB DEFAULT CHARSET=utf8mb4 COLLATE=utf8mb4_general_ci;

-- --------------------------------------------------------

--
-- Tábla szerkezet ehhez a táblához `rendeles`
--

CREATE TABLE `rendeles` (
  `azonosito` int(11) NOT NULL,
  `termek` varchar(255) NOT NULL,
  `statusz` varchar(50) NOT NULL,
  `mennyiseg` int(11) NOT NULL,
  `vevo_id` int(11) NOT NULL
) ENGINE=InnoDB DEFAULT CHARSET=utf8mb4 COLLATE=utf8mb4_general_ci;

--
-- A tábla adatainak kiíratása `rendeles`
--

INSERT INTO `rendeles` (`azonosito`, `termek`, `statusz`, `mennyiseg`, `vevo_id`) VALUES
(1, 'polo', 'Új rendelés', 1, 1),
(2, 'polo', 'Új rendelés', 3, 1),
(3, 'polo', 'Új rendelés', 1, 1),
(4, 'polo', 'Új rendelés', 2, 1),
(5, 'polo', 'Új rendelés', 1, 1),
(6, 'polo', 'Új rendelés', 1, 4),
(7, 'polo', 'Új rendelés', 1, 5),
(8, 'gatya', 'Új rendelés', 1, 5),
(9, 'pulcsii', 'Új rendelés', 1, 6),
(10, 'gatya', 'Új rendelés', 1, 6),
(11, 'polo', 'Új rendelés', 1, 7),
(12, 'pulcsii', 'Új rendelés', 1, 7),
(13, 'Fehér nadrág', 'Új rendelés', 1, 8),
(14, 'polo', 'Új rendelés', 1, 8),
(15, 'Fehér póló', 'Új rendelés', 2, 9),
(16, 'Kék nadrág', 'Új rendelés', 1, 9),
(17, 'polo', 'Új rendelés', 1, 10),
(18, 'Kék nadrág', 'Új rendelés', 1, 10),
(19, 'Fekete pulóver', 'Új rendelés', 1, 10),
(20, 'polooo', 'Új rendelés', 1, 12),
(21, 'gatya', 'Új rendelés', 1, 12);

-- --------------------------------------------------------

--
-- Tábla szerkezet ehhez a táblához `termekek`
--

CREATE TABLE `termekek` (
  `id` int(11) NOT NULL,
  `nev` varchar(100) NOT NULL,
  `termekleiras` text DEFAULT NULL,
  `ar` int(11) NOT NULL,
  `kategoria` varchar(50) DEFAULT NULL,
  `imageUrl` varchar(255) DEFAULT NULL
) ENGINE=InnoDB DEFAULT CHARSET=utf8mb4 COLLATE=utf8mb4_general_ci;

--
-- A tábla adatainak kiíratása `termekek`
--

INSERT INTO `termekek` (`id`, `nev`, `termekleiras`, `ar`, `kategoria`, `imageUrl`) VALUES
(1, 'Fehér nadrág', 'Kényelmes fehér nadrág', 5000, 'Nadrágok', 'fehgatya.png'),
(2, 'Fehér póló', 'Klasszikus fehér póló', 3500, 'Pólók', 'fehpolo.png'),
(3, 'Fehér pulóver', 'Meleg fehér pulóver', 7500, 'Pulóverek', 'fehpull.png'),
(4, 'Kék nadrág', 'Kényelmes kék nadrág', 5000, 'Nadrágok', 'kekgatya.png'),
(5, 'Kék póló', 'Klasszikus kék póló', 3500, 'Pólók', 'kekpolo.png'),
(6, 'Kék pulóver', 'Meleg kék pulóver', 7500, 'Pulóverek', 'kekpull.png'),
(7, 'Fekete nadrág', 'Kényelmes fekete nadrág', 5000, 'Nadrágok', 'fekgatya.png'),
(8, 'Fekete póló', 'Klasszikus fekete póló', 3500, 'Pólók', 'fekpolo.png'),
(9, 'Fekete pulóver', 'Meleg fekete pulóver', 7500, 'Pulóverek', 'fekpull.png'),
(10, 'Zöld nadrág', 'Kényelmes zöld nadrág', 5000, 'Nadrágok', 'zoldgatya.png'),
(11, 'Zöld póló', 'Klasszikus zöld póló', 3500, 'Pólók', 'zoldpolo.png'),
(12, 'Zöld pulóver', 'Meleg zöld pulóver', 7500, 'Pulóverek', 'zoldpull.png'),
(13, 'Bézs nadrág', 'Kényelmes bézs nadrág', 5000, 'Nadrágok', 'bezsgatya.png'),
(14, 'Bézs póló', 'Klasszikus bézs póló', 3500, 'Pólók', 'bezspolo.png'),
(15, 'Bézs pulóver', 'Meleg bézs pulóver', 7500, 'Pulóverek', 'bezspull.png');

-- --------------------------------------------------------

--
-- Tábla szerkezet ehhez a táblához `user`
--

CREATE TABLE `user` (
  `felhasznalonev` varchar(30) NOT NULL,
  `jelszo` varchar(60) NOT NULL,
  `email` varchar(50) NOT NULL,
  `f_azonosito` int(11) NOT NULL
) ENGINE=InnoDB DEFAULT CHARSET=utf8mb4 COLLATE=utf8mb4_general_ci;

--
-- A tábla adatainak kiíratása `user`
--

INSERT INTO `user` (`felhasznalonev`, `jelszo`, `email`, `f_azonosito`) VALUES
('', 'ikrek', 'adamka.davidka.2005@gmail.com', 1),
('', '$2b$10$KOsKW.EzGGdgzbrzBHWiy.4', 'dubleczbence@gmail.com', 2),
('', '$2b$10$Vdyy4ltXxBuaJCm2v55nne4', 'bence@gmail.com', 3),
('a', '$2b$10$GGtX.5szfBr8rLZiq0NJU.3', 'aa.2005@gmail.com', 4),
('', '123', 'davemond2005@gmail.com', 5),
('', '1234', 'aaaaaaa.2005@gmail.com', 6),
('', '1234', 'aaaa.2005@gmail.com', 7),
('', '1234', 'vidka.2005@gmail.com', 8),
('', '1234', 'damka.davidka.2005@gmail.com', 9),
('', '1234', 'adadavidka.2005@gmail.com', 10),
('', '1234', 'ka.davidka.2005@gmail.com', 11),
('adam', '1234', 'ad2.2005@gmail.com', 12),
('adam', '$2b$10$Y6haSEom/WUp0Ita/gG3Fe.', 'adaa.2005@gmail.com', 13),
('adada', '$2b$10$LBo4bJxq.IRHu3fuUcXc0.E', 'adamkdavidka.2005@gmail.com', 14),
('adam', '$2b$10$H376YV8UMEVachlu1kmk6OG', 'adad2avidka.2005@gmail.com', 15),
('adam', '$2b$10$6XSI48D5aDtbJyqVgSXTtOP', 'adaa.idka.2005@gmail.com', 16),
('adam', '$2b$10$Et.GlfdCQzGfjQ48YDOUo.6', 'ada23452005@gmail.com', 17),
('Réfi Ádám', '$2b$10$JkSe3KowRHMI1jhczPx8NOt', '.davidka.2005@gmail.com', 18),
('adam', '$2b$10$NdRS.9yMW6Z7SHmKfg4OgeR', 'adammmmm@gmail.com', 19),
('webshop', '$2b$10$XrGNzw/fcNCBqUauq3DJ7ua', 'adam@gmail.com', 20),
('asdam', '$2b$10$pCUEtQi0FQnoLU46XC1H0uk', 'adaaammm@gmail.com', 21),
('adam', '$2b$10$Nstg3HhqvvBlJSqTX8m2HuH', 'adammmm@gmail.com', 22),
('adam', '$2b$10$bv8NZdt6ONTkchcL81IFwet', 'adammm@gmail.com', 23),
('adam', '$2b$10$HQPyTS8PxJj.RN9LJx6lg.chBi8o9ZS2.6XdmUWAeNnoR4pkZgLty', 'adamka.david.2005@gmail.com', 24),
('david', '$2b$10$zwXW5IjK3HPhM2N7dISsr.NI9LYyyHaSYS0CXrbIVmmaiG90wKE.q', 'davidkaa.2005@gmail.com', 25);

-- --------------------------------------------------------

--
-- Tábla szerkezet ehhez a táblához `usertermekek`
--

CREATE TABLE `usertermekek` (
  `id` int(11) NOT NULL,
  `kategoriaId` int(11) NOT NULL,
  `ar` int(11) NOT NULL,
  `nev` varchar(255) NOT NULL,
  `leiras` varchar(255) NOT NULL,
  `meret` varchar(255) NOT NULL,
  `imageUrl` longtext DEFAULT NULL
) ENGINE=InnoDB DEFAULT CHARSET=utf8mb4 COLLATE=utf8mb4_general_ci;

--
-- A tábla adatainak kiíratása `usertermekek`
--

INSERT INTO `usertermekek` (`id`, `kategoriaId`, `ar`, `nev`, `leiras`, `meret`, `imageUrl`) VALUES
(2, 2, 1500, 'gatya', 'eleg jo', 'XL', 'data:image/jpeg;base64,/9j/4AAQSkZJRgABAQAAAQABAAD/4gHYSUNDX1BST0ZJTEUAAQEAAAHIAAAAAAQwAABtbnRyUkdCIFhZWiAH4AABAAEAAAAAAABhY3NwAAAAAAAAAAAAAAAAAAAAAAAAAAAAAAAAAAAAAQAA9tYAAQAAAADTLQAAAAAAAAAAAAAAAAAAAAAAAAAAAAAAAAAAAAAAAAAAAAAAAAAAAAAAAAAAAAAAAAAAAAlkZXNjAAAA8AAAACRyWFlaAAABFAAAABRnWFlaAAABKAAAABRiWFlaAAABPAAAABR3dHB0AAABUAAAABRyVFJDAAABZAAAAChnVFJDAAABZAAAAChiVFJDAAABZAAAAChjcHJ0AAABjAAAADxtbHVjAAAAAAAAAAEAAAAMZW5VUwAAAAgAAAAcAHMAUgBHAEJYWVogAAAAAAAAb6IAADj1AAADkFhZWiAAAAAAAABimQAAt4UAABjaWFlaIAAAAAAAACSgAAAPhAAAts9YWVogAAAAAAAA9tYAAQAAAADTLXBhcmEAAAAAAAQAAAACZmYAAPKnAAANWQAAE9AAAApbAAAAAAAAAABtbHVjAAAAAAAAAAEAAAAMZW5VUwAAACAAAAAcAEcAbwBvAGcAbABlACAASQBuAGMALgAgADIAMAAxADb/2wBDAAoHBwgHBgoICAgLCgoLDhgQDg0NDh0VFhEYIx8lJCIfIiEmKzcvJik0KSEiMEExNDk7Pj4+JS5ESUM8SDc9Pjv/2wBDAQoLCw4NDhwQEBw7KCIoOzs7Ozs7Ozs7Ozs7Ozs7Ozs7Ozs7Ozs7Ozs7Ozs7Ozs7Ozs7Ozs7Ozs7Ozs7Ozs7Ozv/wAARCASpAyADASIAAhEBAxEB/8QAHAABAAIDAQEBAAAAAAAAAAAAAAIDAQQFBwYI/8QARRABAAIBAgQDBQYCCAUDAwUAAAECAwQRBRIhMQYHQRMiMlFxFCNhYnKxM5EkNEJSgaHB8BUWU2PRJSZENkNUNXOCkuH/xAAXAQEBAQEAAAAAAAAAAAAAAAAAAQID/8QAGhEBAQEBAQEBAAAAAAAAAAAAAAERMQJBIf/aAAwDAQACEQMRAD8A8ZAAAAAAAAAAAAAAAAAAAAAAAAAAAAAAAAAAAAAAAAAAAAAAAAAAAAAAAAAAAAAAAAAAAAAAAAAAAAAAAAAAAAAAAAAAAAAAAAAAAAAAAAAAAAAAAAAAAAAAAAAAAAAAAAAAAAAAAAAAAAAAAAAAAAAAAAAAAAAAAAAAAAAAAAAAAAAAAAAAAAAAAAAAAAAAAAAAAAAAAAAAAAAAAAAAAAAAAAAAAAAAAAAAAAAAAAAAAAAAAAAAAAAAAAAAAAAAAAAAAAAAAAAAAAAAAAAAAAAAAAAAAAAAAAAAAAAAAAAAAAAAAAAAAAAAAAAAAAAAAAAAAAAAAAAAAAAAAAAAAAAAAAAAAAAAAAAAAAAAAAAAAAAAAAAAAAAAAAAAAAAAAAAAAAAAAAAAAAAAAAAAAAAAAAAAAAAAAAAAAAAAAAAAAAAAAAAAAAAAAAAAAAAAAAAAAAAAAAAAAAAAAAAAAAAAAAAAAAAAAAAAAAAAAAAAAAAAAAAAAAAAAAAAAAAAAAAAAAAAAAAAAAAABmlLXtFaxvMgwPpuF+A+L8UxxfHi2ifnLt4PKPi+Tbmnl/kDz4epYPJjVW29pqdv8HSw+SuONvaanf8AwB42Pccfkzw+J2vk3/wbFfJ3hEfFO4PBtjaflL9A4/KPgMd6br6eVPh+v/2Qfnjlt/dn+R7O/wDdn+T9H08s/D1I6aaJW18vOAV7aWoPzZ7LJ/ct/Jn2OX/p2/k/S1fAnAq//Dql/wAk8Dj/AOJUH5n9hl/6dv5M/Z80/wD27fyfpqPBnA4j+p0SjwfwSvbRUB+ZPs2f/pW/kfZc/wD0rfyfpv8A5T4L/wDh0YjwpwWf/h0B+Zfsuf8A6Vv5H2XP/wBK38n6anwpwb/8OjH/ACrwff8AqdAfmb7Ln/6Vv5MfZs3/AErfyfpn/lTg3N/VKI/8qcG3/qdEH5o+z5v+nb+THsMv/Tt/J+l58J8F3/qdGJ8H8DmN/sdQfmn2OX/p2/kx7LJ/ct/J+lP+TuBWnadFVj/krgMW/qdTR+bPZZP7lv5Hssn9y38n6St4N4FE7fYqoz4M4FEb/Yqmj83+yyf3LfyPZZP7lv5P0dPgzgVon+h1RnwVwKLRX7HXdR+c/ZZP7lv5Hssn9y38n6KnwZwKt9/sdT/k/gcz/U6g/Ovs7/3LfyPZ3/uT/J+ibeCOBTvM6SvRj/krgPT+h17IuPzv7O/9yf5Hs7/3J/k/Qk+DOBVn+qV7Kv8Ak/gk22+y1NMeAezv/cn+R7O/92f5PereEeC8232WqvN4S4LWP6tUMeEcl/7s/wAjkt/dn+T3T/lLgvT+jVQv4P4JMf1aNwx4dy2+UsbT8pe2X8FcEn/7ENe/gjgv/SiDR43tPyNnr9vA3Bpj4IU28C8I9KmjyYep38B8LmNq16uLxfy/y4sF8+jibVr1mNlR8MJZcdsOS2O8bWrO0wiAAAAAAAAAAAAAAAAAAAAAAAAAAAAAAAAAAAAAAAAAAAAAAAAAAAAA7/hHh9ddxSnNXetZ3cB9z5eYJ9rfLt26A9L0We+kpWmKIrFY2djBxbLXHNrddnBrbfrPo3tNet8F6z8kadrDxmJje3q2/wDilOm75ekzExHyldkyTas7T2EfS04lhtO62mqw3npL5XFmmKbRK3HqLRWYrPUH08Zsdp3iycXpM94fL49Xetdt53bWHVXm23NPYR3ZmInbdKYjaNpcX7VfaJ3nt1Ka6+8bzKjr292rG3ubtCNVa3qn9ptyR8t0G7Ffc3LRts051dvZbR82PtVppEyDctWK/wCKF6+/Xb1Uznm+26U59+XYFtq7ZeVDL7t4qja/Nk5t+xktzZIkEsvuWifmxmjkrFvmxn3yTEx2hnLPtMcQBNNsXP8AgYY9pj3Os4ZpPyNPW1MewK8cc+aa79pMkxGeKQzjxWrmm3zYnFb7TF57QCOpt7K9Yn1SnH9zz+iOrw2y5aWjtC2a2nBNI+QKdPWMkzMeiOOPa6iY+S3SYL4omLd5MOmtS9resgomInUez36o59sWWtPWVuPS3jVTkljNosmXU1v6QDGoiMWGbTPdGlY+ye1mfRsavSXz460j0K6Ofs/spkNaWKsZcNskz2a+niMk3mZ7Orj4dy4px77RKOPheOlZjfuGuJtFrW2nvOzOp023LXr1dzHwnDSYn8d2x9iwzO9qxMx2VXy1tNaclaU33+jGbR5+aKxEzb6PrY0uGLc0UjdL2VObm5Y3B8bPDtXeduSd4Yjg2tvPwbf4vtto332Z2j5IPjcfh7V3+Lo3MPhW2++TI+n22I2+QORg8P6XFtNo3lsanh+CNFlx1xRtNZb+28IZImaTHeJgH5a8X6eNN4g1NKxtHPPRxH1vmRppweKM8zG0WmZ/zfJKgAAAAAAAAAAAAAAAAAAAAAAAAAAAAAAAAAAAAAAAAAAAAAAAAAAAA9N8usURw+9tus2eZPVvLyv/AKTM/ilH101jk5YjrLo1wYtPoua3xWaOCvNn69lmrzzk1GPFHbdFdHQ6PHk098l4+jWw6WuXLOOJ7y3cuaNNoeSOk7KuCV9plm8/MRjUcPjS4/xlCuhvXFOT0X8S1HtNbTFvv1buptGHh+09J2FcnDp7ZOkQupjtjzxWfVt8KiPY2vZr1v8AaOKbR2iVE8uLJijrHRVWkxETt0dPiN6+7SO7Vz2ripjx+tlEsdZmOkdJlnflmK7ercwUrXBE7do6tbBMZ9VaI7QgpyRNYj8bFpmlY2jpu2NZyxnpSPmlra1xaWs7dQUU3mJslG+8Su0tK2wTP4KtNMX1E0jtALIt17MxMzM7rc0VpkrGyu0xEWkRKJ33Z77bShXJSteaZVxqfaTy4qz0/AGxaNo7p7Ty7QpimTaJvH8l+O9Jjaek/igV32Z272lZFI9GbU2oaKJneOzMSnakRMR82fZ9FCvbdnfaWYpOzEU3A6blunZmKfOSY37Ajv0Z9OheOWsMxHTcBiO6fL03ljFtbf8AAGJnrtDPXZKY2nditt4lRmPhGKW3nYydJBL0YiTfejET0QT23NiOzG4M7Ex0mPkb9DcV4v5zcHx45xa+ldrWnaXkb3jzmrWeBY5/P/o8HVAAAAAAAAAAAAAAAAAAAAAAAAAAAAAAAAAAAAAAAAAAAAAAAAAAAAB614CpOPgvNPrLyavW0PY/B+Pk4FijbvEJVj6HFkiLp05Z1dZmfVVWkTMbL6YYm8Tv1RV/EbzNq44nvDZ4FPJFqzPVTnwTe1Lb9YWYcF8ObmrPSRGve8TxWJme0unxjLtpa/KXOzaTJOo9pEL9XOTNpIpMTMwo2dJbk4bNo+TT4Lf2mvtaVujteNDOG1ZidvVRw+L6XUTM1nbcG/rMs24jWnpCjU5OfX0p6QlmtvxSLzHSYlr5t/8AiVbem4O1rMvsNFMxPo1uDTM82SfVHi1+bT0rE90eGZPZY+WQZvk5+JxG/Zfxm8RirH4NHHP/AKvNvRbxi03y0iOwN3BPJoJv+Cjhm05bX+cp2ttw2axPoo4dfkr/AIg39baOasuZqtZGKk7ys4lqdtphwNZltlieojdxay+rzUx0329X0E4402niax723V8tw68abJW/yfTW1+nzafe1tpTWnG1PiK+n1E45nru2tNxvFnmIvXafm1MvC9JrdTz0tvMz83X03A9PhxxzRvKaY2tNnreu+O/M2ZvzxE9tnCxWrpuITWl45flDoRmtlyxEfCg3LVm2SJ9E+aI6boTeta7b+imKTaeatt4a1MbM3iPVjmjfpZrZL8nfff5NTPe9Y3rbaQdS3bcw9Yc7S6y96zjv3b2jmeu6jOonrEJx8MKdTM+0iFsfAIzknbFMqtNPSfxSydcUwhj2pjgF9591Vhn4t07daq6xy1lRPH3mUr9abo4+lZOsxIM03nGbTylfh2SiszAMV3S6HKcqB6MbpbG0A8v86bWjgmGI7c/+jwt+gvOHBXJ4ai3rW2/+T8+qAAAAAAAAAAAAAAAAAAAAAAAAAAAAAAAAAAAAAAAAAAAAAAAAAAAAJYqzbLWI9Ze1eG8VsXBcETWY92Hl3hThVuKcYxY4rvWJiZe84NFixafDpMdY3iISrHOxT95tVuafrkjdbq9JTBkrWnW099l2DRe5Nonr3AmN4ifxX45nZn7PaK1j5p+xtFvhkGd/d7G0WnsRWZmdo7MxWaz1Bnau20xtLMVxzMc0R0QtE7xuzO/NEegJzTHae3VicGO3XbrEs77SxFp5pgEsuKloiJRrp8cTO07dE53mIn5I1tMzIMTpMfPF6z1Zy4a5I2t1mGd5iYmGN56gxXHy45pM7xKumHk7St26fjCFu4NfVaabz3cvPpJis7Oze3Ro6m21JSjlzFscTvKr7Zlr7lfeiV2WeaZ3NHpva6mldvVlp9LwDST7CMt42mVnGdXkx4+TFvv+Do6fHGHS1rEbbQ182GuSZmY3EfKYLXpqJyZJnml0MfEZwxNpnpDfzaTHP9mP5ObrdHEUnZBPHxquoydLbRDq4MlppF8Vt9/R8hXFGHLvHTq+k4Xl59o37kV0ftEX6ZK9u8qrRTNbtPRO2G9L7xXeF2Ks97REf4NIqxaaItzbbNqlZpHROvLEbbdWebaNliK8lJvaJlLknbZnmg5uswqMeznl2YtjjliE4tuTPUGIrvXZmKRtsjE+9sz1iwJ1rEdCNtphHdmOgMxEbM9IR7M95BmZY3ZYBliRi0g+W8wuEZeMeHMuLDE2vWJmIh+bNZo8+h1FsOfHNLVnbaX66tFbV2ttMT33eceZfgjBruH312kxRGWkbzywo8FEsuO2LJbHaNprO0ogAAAAAAAAAAAAAAAAAAAAAAAAAAAAAAAAAAAAAAAAAAAAAAAAAu0mGc+qx44jfmtEA9P8reExiw312SvX03ff6bV1rqr5Jnee0OL4e08cO4Hix7be7G63T2tfUWtv0RXVyZZz5t/WZdWtJ0+gm89bbObw/DN8nPMdnf5K3xezmOkwI0uHTbU+9b0lPV62mHJ7PaF2nwfZubbs4nFMnNroioO5occWxzeY7qcUxk1c0mOkNrh8baeN49FOGm2utOwqGeK1yzHpDGCK54mY/stPjOe2LPtX1NPqPY6DeJ963QG9gxxqLW29CMUReazPVZwuNtPvPeWvN5+2zWfmC2+L2VY37SxOOK7fi29RSLYqOZm1O+ppjr6Av26dY6QzTHN67x2Z1d4pp4iPitC3TRNNHM95BRFebfbujfH/ADWaKN7WmfmjqrxXLsDVy12o52tt7nSHW1Efdbw4eozRE8tkqtWesOnwXFFtTE/JoziiZi3o7PBaVjP0IPob9KKZr7vRdf4VebalN1xFFsfzaufBFqy3pjmxcym20xslg+Z12l2tMwu4VltTNET2dDieCIxc8Q5Wkty5evzZxp9jSebHEx2IiN1WjnfBVsbREby2zUPUmOrEZYmJ/BnFPPHMIjavWNmZjad2c9opTf1RpbnoDMxLMdk4jeI3UXmYy7QCe3LO6XSeqvU25MW+7GC3NSJFXTtEFZiS9em7GIRi+WK9Gcc80btfVTEXrC7T/CCW877JKpt95suiVGJNt4Znux6gjETv+CvVYK6nT3x2jeto2mF3ruztG07eoPy/484TPCvEefHFdq2nmj/F809d86+FRTJg11a/FO0z9IeRAAAAAAAAAAAAAAAAAAAAAAAAAAAAAAAAAAAAAAAAAAAAAAAAAPoPB2gnW8ZpvG8V6vn3onlvoPcyam0evT+QPu89/Z4IxV9OizRY5mIiI6zKnJHPn2dbh+n96JQdTR4vZ0iNnRxxMKsNNqx0XTPLAKdVmjFjtMz6PnMVp1Wv5u8btzi2oneaxKnhWKIyRPfqD6bTRy4oiPkVxxXJNksMe5DN+lZB8vx7J/SoQpPPhxx9GOOTvqP8WdHHNXHAPpNDXbHH0aupx7a6Jj1b2krtjhr5676mJ/EGxltFdPMz6Q+bwZOfic2n0l9HqYj7NP0fLaaZjX2+oOpqMk5tRER2h1MMfc8v4ORg653Wxdu4K8FOTLZocSma542delIiZlyuK19/cWMTfnwbPn9fWa5HWx5Pc23aHEa7ylVDBPPh5fWHW4JX75x9N07O1wbpqZIO9l3ivT5qNTO2LqvybzG7X1f8KFRnF72mn6Kq157bJ6e33Ewljjad4BpcRjbBMPn8X8bp830HEo+6lwMPTLP1ZV9Vw22+nhs6i22NpcNn7htanrjhpFVelNvm2cFZimyjHG8Q269I2gGvrPgR00+7sjrbejGl7CNxRPXKvjrCrb7wGrrrT0qs0fwRDX1k75ohfpQbl/hRw+rOT4Ske5IOfqZm2o6ejb0/bZpZp/pDc007gjeNsq+kq81fe3YpMxANjuxsjE7pKDG7LG2wPg/Nfh/2vwxkyRG84omX53tG1pj5S/VfivSRrPD2rxbb745flvW45xa3NSf7N5j/ADBQAAAAAAAAAAAAAAAAAAAAAAAAAAAAAAAAAAAAAAAAAAAAAAADNY5rRHzl7D4L0v2bgFJ22m0RLyTQ4/a63FT52j93t/DcEafheLHHTaqVYv01Zvm3n5vptDh5axOzg8Ox81o/GX1Wmx7Uj6ERtVjpCjV5eSkzEreblrtLm6zLvvG6jj6m05c/V1OGUiJjo5cxzZnc4fi2iAdbH2YzTtSWadlWedqSiPlONX+//wAWxw2OaKNLi876n/F0OFx8CNPpcEbUj6Kcld8m/wCK/F0qjam8qiGpj+jz9Hytfd1s/V9Vqf4EvlMk8usn6oOlgnbLE/N1sU7uRj25qy6un6xEtK2o6Q5nEa80S6c/C52s6xKI41bct9lWsjmqnfplYzxvRFa+nj3nZ4V01H1crBHvOrw3pqYgV379mnrp2rENy8dmhr5nZRjDb7mWxhn3Grgn7qW1g+AiVpcSn7qfo+fw/wAafq7/ABTpin6OBp4++/xYvWpx9PoI207Yy9aKdDG2nhfaN6tssYonovm3LCGONoRzTtANbU+9bdLTKrzvK3T9wbtZ6K56WmVkK8nSJkHN1M82ePq2tL3aeSd8/wDi29PPURvW2mpHSksE9IkHMzf1ltadq5OuoltafuK2Mld4a+0xLZnsov8AEInWeicSrqnCiRsAKNXijNpcmOe1o2flrxZo50XiDU4pjb35n/OX6rtG/R+dPNjQzpfFF77bReIB8MAAAAAAAAAAAAAAAAAAAAAAAAAAAAAAAAAAAAAAAAAAAAAAADr+GNP9o41hrtvtO72m0RjxRWHlnl9pozcX55jfliXqWe3WsM1Y3+GxFZh9JgtvWHzejnlmHf0mTehEW57ctZcjU33s6epv7kuVaJvbdoU4q75N9nd0cbRDl46RFodbS9oBvU7NbVTtSWzE7Q0tbbakoPk+Izzavb8XX4ZHwOLqp5tb/i73Dq9aorvY+yeyGPtCe/VUUan+HL5XVRtqt/xfU6n4JfM66OXPuDapMclZdXSTvSHJw9cUOrou0Cty8+65+q7S6Fo6NDV9pEcLN0yp3jfGrzz97KynvURVWKNrOjw+f6VEtDtZuaCdtTUH0kzs0tfMcrc71auuj7tVa2Cd8ctvB8DRwW9yW9g/h7pErQ4rP3U/RwtNP3/+LucX6YZcLSz9/H1S9anH1umjbTQuiN6q8Ef0av0W4491plKsbQp1Etjbo1NRINa3dsYIa39pt4fQG1Xsr1E7Y5lZXsp1c/dyDlRO+aZb2m7ufjn72XQ0s9ZEbsF+lJZrG6GWdqSDnz/FmWxp595RtvaZXaf4gbsR0U5I6ro7K8kArqshXsnVRMAGJ26y8W87tHy6jTaiI7ztM/4PabdnmvnLpIy8Bpm260mZ/wAgeCgAAAAAAAAAAAAAAAAAAAAAAAAAAAAAAAAAAAAAAAAAAAAAAA+/8tMO+bNk27f+H3mSebVREej5Py2wxTh+XJMd/wDw+r033mqmZ9GKrqYu30dPSZoiuzn4YiYlZS00lqDo5781WvFWIyc1dpYm3RROsb3h0tL6OXhtvZ1tLANyOzn8Rttjlv8Ao5nErbYrIj5a3va3/F9Hw2OsPnMfvazf8X0vDY95FdmnZNCnZP0aRRnjesvm+IV+83fS5Y92XA4jXrKDGD+BDqaGXK038F1NCK6Fuzn6rtLft2aGp7SDganpllZp591Vq52yys00xMIM3jq2ND/WKqrR1X6L+NH1B9HEe5DW1sfdS2Y35I+jX1U/cyDn4fgs3tPP3Tn0naLN3TT92I0eMW+7cTTfxY+rr8Yn3HHwT95H1Stzj7HT/wBVj6L8XwNXSW5tJH0bOH4GoysmektLUzvLct2lo556go/tNvF2hqR8Tbw9oBt17NbWTtjls17NTXT7kg5WK33sulpI7y5WCd8suvpY6CN2nZVn+CVtOyrUfCDSr6rNPPvK09P8QN6vZG8M17FlFUwlUmOpEdQTCACe2z4nzRwe38J5+nw1mX2sx6/J894208anwxrK7b+5IPy7aNrTHylhZqK8moyV+Vp/dWAAAAAAAAAAAAAAAAAAAAAAAAAAAAAAAAAAAAAAAAAAAAAR3gZpG96x+IPWvA2L2XAItt8UQ+i4fTe1r/OXG8MU9l4bx+m9Yd3htPumKrpYYXez6oY6dl9YluCuYmsITkXZY91p2naQbWDrLs6XpEOHpp3tDu6aPdgStnfo5PFZ+5s6s/DLi8XttitCDgaXrqJ+r6fhsdXzWijfLMvpuGx0QdevZn0Rr2S9FFWX4XE4jXd28vwuPr/UGtpq7Y5dLQd3NwfDLo6KdhXRt2aWq7S3bfDDT1MdJB83remWUtLMI6/+JLGllBt2bGij34n8VE9l+j6WiZ+aD6GJ9yv0a+r6YlmPJE7QhrP4ajlx2s2tPb7uGpE9LLMF9oEanFp92XJwRvkdDi2Tevdz9JEzk37wljUfUcMyfdcrfwz7uzlaGfZxFrTyx+LqYJpbrWd1iLsk7Q5+efeb2Sdondz809VEI7tzD2hpU6y3cXYGzXs0tfP3dm5XpDR4jb7qwjlaad8ku1peziaPreZdzTRtSAbdOyrUR7q6vRVn6wDQnos0/wASFu6eDuDdr2hmzFezPoohLDMsAnAxHZkCe0ubxvDGbg2qx996OlPbZr6uvPpMtfnVB+TeK4/ZcTz0+V5/dqOv4qw+w8Qamm23vT+7kKAAAAAAAAAAAAAAAAAAAAAAAAAAAAAAAAAAAAAAAAAAAACeCN89I/NCC7RxzavHH5o/cHsvB6ez4Bgj8sO1oK/c0+jl6OOTg+nrP92HX0cbYqfRhXVw191Ztshg+FOZaFOW3uy59p3tLcz22iWlvvYG7oo3mHe0/SIcPQ94d3T9hF1p92XB4x/Dl3bfDLg8Yn3JgHJ0HxS+l4bHuvneH17y+k4f0qK6dOyfohTss9FRTm+Fx9b13djN8Lj61BrYelZb+iaOOPclvaHuK6Nu0NXU/DLans1dR2kR83xCPfmVOln3mzxGNplqaafeSq6cRvCjLqbYM1KV9V9etWrasX1+OJQfR6G1rYotb1hbqeuJikclKVrHTZnPO+JRy+25jkv8SOPvIjT1mK2SW1w/h3admxTDzTG8OngxxWsdA1yuLcN1OTBFdPMx9G/wjS59PgiM07y3+0dGd52UUZ5mJaOTu3M0tLJPUVjH3buHs0aT1buGRG1HZy+KW2wy6M26ORxS8ezmAaug6xMu9p4+7hw+HR7n+LvYelIBdCvNHRbCrNPQGjfunh7oX7p4e6jbqs9Fde0JgjaEU5Q9QTjsEAMShmj7uY+cLEb9ayg/MfmFh9j4r1Ebbb7S+Yfb+auCcXirJbb4oh8QoAAAAAAAAAAAAAAAAAAAAAAAAAAAAAAAAAAAAAAAAAAAANrhlebiGGPzR+7Vb/A6c/FcMfmgHs1Y5eHYI/CHV0kfd0+jm5K8ulxR9HV0vwVYiuhinaErz03McRyo5J2rLQ1M92rHWy3NO6ukA6Whr1h3MEbQ42gjt0dvF0gGbz7svn+Lz0l38vwy+f4t1Bp6KNofR6CPch89oo92H0eij7uBG/Xss9EK9k47KKc3wuRrI6uxm+Fx9X3BRWPdlu6Fpx8Ld0UIN/0a+aO7Y9FOWN9wfO8TieuzQ08bXdjXY+aJ2hzqYeW26K3sfwKNPTn4rSJ9IbGKPdU09pg11c1Y3j5A+iv0np6Kcl55ZhVjzWy2m09N/RZad4UaN/iRxfHK29Z5kMcbZJBv4Y6Q3cfZp4e0N3H2EWEz0GLdIBq556tO/dtZp6y1b9wYr3buFp17trHPQF9rREODxXJvOzs5LbVl8/xC3PniI+YN3h1Pdq7mONqQ5Ggr0j6OxHwwCcKs3ZbHZTm7KNK/dZhV37rcINqvZOEK9k4AlHZKUQGWGQGJ7ssSg8F85cHs+NY8m3xf+Hmr1rztxbanTZNu8z+zyVQAAAAAAAAAAAAAAAAAAAAAAAAAAAAAAAAAAAAAAAAAAAAdTw3Xm4zhj8XLdrwpXm45hgHsGePuscfR09P0rVztRXeMcOlgr7lWIrfx36K89+jNY2qqyzvDQ1Mk7yxSdpLfEzXug7Ogj3IdfHHu7uVw+Pch1a9mkRyz7svnuKT1fQZ52rL53iXW6Kr0faH0mij3IfO6SI3iH0el6UhUbkdko7I1ndL1BXl+FyNX8Tr5ezk6v4ga8Oho46Oe6Ok7QDcV5Kd1kMWjcHNz4d9+jQy4OWXbyU3js52prtEorWxxtBX4p+rOP4ZKxMyDcwd4lsbbw18HRt1iJjsCmce8qKU+9mG9Fd5a0Ry6iRGzhptDapDXxtmvYFnyQyT0ThXmnaAaWWerXt3X5esqtuorFe7YpO0KYhZE+6IxnyRFJcK0zl1M/V09Zk2xy5+jrz5ZsDs6Cm1XSj0aWkrtDdqCfo181ujZns1s6jUnuuxQpnuvxR1BsR2SqjVOAJ7Ipz2RkGGUWYBliezJPYHkHnZhmcGnybdpn9njL3PzoxTbhGK/ymXhiQAFAAAAAAAAAAAAAAAAAAAAAAAAAAAAAAAAAAAAAAAAAAB3/Btebj2L/FwH0ngavNx7H9JKPWs38XFH4Olgnbo52f8ArGOPlDepbaWIrfiejVzT3WVvvCrNLQ1p7p0j3oV+q3H8UIO7oI+7h0o7NDQx93DfjsqKtR8Evn9fG+R3887Ul8/rJ3ygaSvvw+i08e7Dh6Ku9od7BG0Qo2apx3QqnAKsvaXL1MdXUy9nM1MdQakfE6Wm6RDn0jezo4I7A246s7FY6JbArvHRy9bHSXVydnK1090Vp4fhlKvSzGH4ZZr1sDcww2qdmvhjo2K9FE692tP8eW1SN5au331vqI2cbYrHRr45bNewJqM89F/o188pRp5JVRPVbfur26ira9mLTywxWdoVZr+6DT1+XpMI6Ku1N/m19Tab5Yhv6Wm1awI6umjasNuGvgjaIbMAW7NbPLZv2amaVFHeWzjjaGtXu2qfCC2vZKEa9koBmezHoyxIMbEMgBPYYnsDzjzhrzeH4/Dd4FPd+g/NrHzeG7T8t358nvIAAAAAAAAAAAAAAAAAAAAAAAAAAAAAAAAAAAAAAAAAAAAD6nwBXfjtJ/CXyz67y8rvxqJ+USlHql676qv0bPaVG2+o3bMxMMqlS2zGS28IMTKiMdZWYo9+EIW4fjgHe0U7UiG/6NDSR7sN3fpCop1E+5LgaqfvXd1XwS4OaN8oNzh1eruY+0ORoabREw69I6QovqnHZCiz0BTmno52eN5b+fs0ck7yDWrXa7oYPRqVj3m3hgG5XskhVMFeXs4+v9XZydnG4h3RWth+CUq92MPwsx8Sjew9l+3Rr4J2htR1gRKnRrd8tvq2o7NKLffW+oNrF3bVezWwx1bUdgS9Grmnq2bfC0809dkoot1lGWZRFN4iGtqMm0SutLR1N+kwDWxR7TNv+LraekzeHP0lO8uppY94HRxdl0KqRstVGLz0aWWd5bWSejUv1tt8wYrDZr8KisbdJ7Qo4hxnQcKx76vUUrM/DX1kHSieiT5W3jDUZeuh4JqtTWe00tXqzXxdrsFp+28B1WCK95taoPqoYc3hfiDhvF4iNPqK+123nHv1h0t+/WJn5gB2YBnfZGZJY2B8R5pU5vDGT8Il+dbfHP1fpDzLrv4YzfhD833/AIlvqDAAAAAAAAAAAAAAAAAAAAAAAAAAAAAAAAAAAAAAAAAAAAD7Ly5jfi0z/vs+NfbeWtd+JXn/AH2Sj1Cv8ZuWrE03aVf4s/Vv1642Va090ZTydFajMLcXxwqhbi+KAd/R9ccNuekNTRT7kNu0dFiNTV29yXGmObK6mtttSYc7DG991HT0UbVh0atLTx7sN2vaAXVWR2V0WQCjP2aF56uhm7S5uSfeBOkby28dWri7NynYFtU0K9k/QEMnZyNfDr5Ozla+OkorTw9kq/Gjh+GVmOPfVG5ir2bUdIUY46QvrAM+jmxP39vq6UxtEuTS39Jt9QdPB3htV7tbT/C2aglknarQzT7zcyztVz8tp5kELShuluhNthVeS2zRzTzZNm1ls1YjmyA2MFeWrpaWOm7SpHZ0cEdIBt07Qs9FdE1RVlnZqb9erYzz07tO+SmKtrXnpsDn8c41/wANx49Pp6e01WfpSsI8I8MUx3jW8StOo1d+s7z7sf4S5vBpxZuPariXEL1rMbRirM77Pqq8S0UxvGes/gDax48dY2pjpX9NYhmcdLRPNStvnzRvuhiz48vXHbmj8ENZr9PoMUZNTk5aTPxbA5fF/C+m11fbaOfs2qr1ranSN/pCrw9xvNlz5OE8SjbV4e07bc8R6w3Y8S8Kmfc1G/8A/GXD4/q+HZtXpeIabUTjz47xzTFJ609YB9jt0NlOj1WPW6WufHbeto3idtlwGwT1RtPKg+R8yI38MZ/0vzZk/iW+sv0p5h+94Y1H6X5ryfxbfWSCICgAAAAAAAAAAAAAAAAAAAAAAAAAAAAAAAAAAAAAAAAAA+58tI/p2Sf99nwz7vy0j+l5Z/32S8HpdPitP4tzBO9GnHeV2K3LEQzFSzR7ypdkndUoxCzF8cIRHVPH0vAO/o/hhuWno0tHb7uGzafdaRztdPXZRpqdVur966Wmxg3sEe7Dar2a+KNui+AXUWR2VVlbHYFWbs5+SOsujlj3WhkjqDGFu4+zUxw28fYF0dkvRGOyXoCGTs5mujpLp37OZre0oNLD2lZj+NDDPSU8fxqOhirvEL4hVhjpC/boCNvhlxq/1i0/i7F+lZcas/0i31B19N8ENqjV0vwQ2qIK9RO0NC8+82tVdp95BhXZdNeim8CtXL3YxV3ndK8dWaxtUFuP4odHDHSHOw9bOli7QDZonKFGbTsqKM3+TVy6XHqcdseWvNS3pv3bF53tsjNq48dr26VrG8yD5PX6fw5oeN6bh+bTWidRM7zzz0Nfw3DpuOYdFpsU1plrMxbmmezi8T4ZxjjWTUcV02mpNOaJpkm+01is9ejex8epn4nwrUZaZI9y0X9yekx0B2tFxW/BOJU4dr9P7OMv8PNzb8xxrxDpsHiHTcJ1GL2uDJWee3pW2/SP83K8T6yvHddgjSVyRj0nvXvNJid4neIho6jhPFONcP1PFqXtWt8tdRWJjafdjt/kDtcSvXR+LtJw/Dhr9ny45tP83T8S58nDI0VdLWla5tRXFbesT0l8rHF6avWcJ4jnpmi2PDFMn3c9JmXZ8ScTjiUaKMGO0xj1lLc209oB9jSvJSK9OnTpGzM9kaWi+Ott994YtOwMzbaFN7c1tmZtMpUxz3B8t5hRt4X1EflfmrL/ABb/AFl+mPMKN/DOo/S/M+X+Lf6yCIAAAAAAAAAAAAAAAAAAAAAAAAAAAAAAAAAAAAAAAAAAAD73y1j77LP4vgnoPlrXrmmPnCXhHpNYN9pYpb3PxZmNpZipTO8I9jcUI7p0+KEIhZjj3lg7GkttWIbd77Vc/T2mIhfa+9dlRXkr7SVunpyq692zjjoC6kLo7KaStiQW0ldHZRSV1ZBHL8LQyR7zoX7NLLHvAxjjq2aKMbZrALK9kvRGqXoCN+zma6Okunbs5mu9UGjijpKzFH3iOKOkrMX8QHSwx7sL1eH4YW+gKM3SkuPjj76Z/F1dVblpP0cvD1yT9RXV08+5Dcr8LT08dIhuRG1Qc/V297ZrRbaVmrt97s1rzMCNmbRspttKuMjE23FLVhCeyc9kZBZgjq36TtENLDDbrPQG5jtulfs18d9l02iYVFNu8oanB9o098MRFuaO0rZ6s16A+Yrw7xDpNNfHSuKunrvPJXJv0avC614jjmuK9MN6z8N5isxP0l9nDjcS8LaHiGX2+HfS6j/qY46/5g1bcA4xO80101ie8RMdU8fAeNUjk/4nkjH6V6bKacO8T6K3Ji186jH6TkvEJTovFOr2x21cYKx3mmTqCHEdPg4Xo5tqeJ3nJ6UpEWmZ+iOg4BrOJ6OmotxXU6Xn61pFI/1dDQeEtHh1EavXZLa7UR1i2WI92fw2d7rHbYGroNLfRaaMN9TfUWr3veNplfMbrNo2IiAQpj69U99o2N0bzsD5bx/18M6n9L8z5f41/wBUv0p5g2mfDOp2/uvzXl/i3/VKCICgAAAAAAAAAAAAAAAAAAAAAAAAAAAAAAAAAAAAAAAAAA9E8se+b6/6PO3oXlnO1s31S8Ho+3LO6UzujWd2Y77MKSwnPSEY7tBC2nxK/VbjhRu4Z6NiOrVxNmiidY6tjGpquoItqnEoQmCdZX0lrVnZdjkFtutWpeu8tr0U3r1BXSvVsVhXWOqyIBJL0RhMELdnN1vq6VnO1iDSx9Ilbg65FdYW4P4gOpi+FZ6K8cdE7T0+iDn67JtEw0sHdPW5ObJMMYI7SDq6fs2d/da+njovnsquVrJ2ybta87w2Nb8bWtO8Ar7MxZhgFsTvBEboVlbXrILccL6IUrGyyI2CpLYmdlUSnSVRZ2IndHulAJQl6oxLO4Jd4232S3nbrttCCQM7/Lp+LP8Ah1YZiQZGGe0AbqMtuqy19oVTHNO4PmvHNd/C+q/S/NOb+Nf9Uv0146jl8Lar9L8zZv41/wBUpBABQAAAAAAAAAAAAAAAAAAAAAAAAAAAAAAAAAAAAAAAAAAffeWlvvs1f99nwL7vy0n+l5Y/32S8Hp1O6U991dfiTlhWe8MMx2JUYieq7GqiOq/FDQ2MctmjWp3bGPuo2KLoVVWwIshLdGEogGU622VswDYizFp3VxKUSCcQnCuspwCUMsQyCu7Q1bfyNDUdUGpVbg/iIdk8H8QHVx9mM88uK0s4uzX4jk5MEwg42a/NeWzp+0OfzTNnRwf2UV1MPSsLZ7KsXwwnfs0jma74pakT0bes67tKJRT1YACq/HKj1XYu6jbxwtiFdFkAyzGzDKonDLFWYBKEkUoBlJiGQZIACZ2Y3ZlH0BG3WDtDE92Z6VB89476+FtT+l+ZM38a/wCqX6b8c/8A0vqf0vzJm/j3/VKQQAUAAAAAAAAAAAAAAAAAAAAAAAAAAAAAAAAAAAAAAAAAAH2/lrbbX5I/32fEPtPLe23FLR8//CXg9Uj4k57IR8SbDRBLEMqlZr3X0UR3X17KL6T1bGOerXxx1bFI6qVs16raqqQujuqJwlCMJwAMsQDMJwjCUAnVOIRqmCUMowkCrJ2aGeG/kaWZBqTCeGPeYtCWH4lHTxT7jncay8uKOro4vhcDxTqa6bTze8xEQzVjQrk6x1dfTTvWrzGvjnS4tdGLfeObbfd6RwvUU1Wnx5qTvW1YkV2sXwQnaeiGOfdhm/ZWWhq+0ufv7ze1faXP399FTINyAZmFuLurlZhjqDcpCyEMfZOFGUoRShRmOiUIswInulEoQnAMwkxDIMgAIyyxMAiWnoyxbuDgeN438M6r9D8xZ/4+T9Uv1B40jfw1qf0vzBqf6xk/VP7pBWAoAAAAAAAAAAAAAAAAAAAAAAAAAAAAAAAAAAAAAAAAAAPrvLu23GtvnEvkX1fl9bbjlY/CUvB6/Me8yxHWeqWzDTGwyxKxKzHdbSVULKNDbxtindrY5bOPuo2KLo7qaRuuqInCcIQlEgmwQzsBCcIswCyE4QqnAJwMQzPYFWSWnlht5I6NTKg17Qzi6WLGP4lHSxfDDz7zU1k6Thc8s7Tbo+/wz0h5r5xRP/Dq/VFeIRltbPF9533fovwXzTwDTTaf7Efs/OmnrzailfnL9I+E6zj4Hpa7f2I/YqPpcc+5DN56I4/hLz0Bo6qe7nf229qrd2hv76KthKkdUY7LccdAYstwqbT7zZxxtEA2KJwjTbZOJUEoRZjoozulWUO6VYETShGISgEmYYZgGWWGQY9QAYQn4k5lDvcHF8Y9fDuoj8r8war+tZP1T+79QeL+vh3U/pfl/V/1rL+qf3QVAKAAAAAAAAAAAAAAAAAAAAAAAAAAAAAAAAAAAAAAAAAAD6bwHbbj1PpL5l9H4Gnbj+P6SlHs2+8wnCEdoTYaGGWFRmFlZ6qoWVlobeOGxj7tbDLbxwo2Ma6IVY42ldHcQhOEdmQShmJYjsAlEpQjEpAnVZVXVZUEjuJQCvJ2aWaG9dqZo6oNSWaR7zM9yvcG7h7Q87836/8ApMW/F6JhjpD4HzcpvwHf8QeG8Kp7TimnpPreH6U4Jj9jw3T12/sR+z84cBrzcc0sf9yH6T0HTSYI+VIKOlWejGSejFZ6IZLdAaeqnpLSr8S/VW79Wvj6yir4X1iIqqp3XTG1QVf223jjo1q7Tdt07AtrCWyMJbqMksG6jMJ1lBKoi1KEITgGWYRZgEgAAYBiUa/ElKNe6jjeLd/+XtT+l+X9X/W8v6p/d+ofF3/07qf0vy9q/wCt5f1T+6CoAAAAAAAAAAAAAAAAAAAAAAAAAAAAAAAAAAAAAAAAAAAB9B4Kttx/F/i+fd3wdO3H8P8AilHtdesQsV1+GqxhWANmghZXuhCde4NrE2sUtXHPRtYWht07rYU0nq2KiDJ2ZBiGSAGYThCE4BKqyFde62AShliGYBG0NXNHVuS1c0dQado6s17s2jqRHUG3h7Ph/Nmu/h6Z/F9vj7PjvNGnP4avPyRXhXhqvNx/Sx/3Ifo/R/1bHH5YfnfwlWLeItPE/wB+H6J00bYafpgqNys+71V5ekMxPRTlsK0dTb3tkMXdHUW3unhjdBtY67rLztDGOGMgMY43s26x0a2KvXdt17CJQlDGzOyjLAKonSUN0q9xF0JQjHZKASZYZgGQAGGWJBG3SGKFmax0Wji+MJ/9u6n9D8v6r+tZP1T+79PeMp28OamfyvzBqf6zk/VP7oKwAAAAAAAAAAAAAAAAAAAAAAAAAAAAAAAAAAAAAAAAAAAHb8Iztx7C4js+FJ247hSj2+nWtfosVY59ys/gthhQZYaBKrDMdwbOKW5iaWKW7h7KNrHHq2IUU7LoVEolPZGsJ7AjKKcwxMQDESnCO0MwCde62FMStqCyGUYlIGJ3UZWwpzVBp27sV7pXjaWK9wbGN8n5mR/7Yy/79H1mPo+V8yuvhfN9J/ZFeF+EZ28R6f8AXD9EYJ+4p+mH5y8MX5PEOmn/ALkP0Zpuumxz86wUXb+61899olbaZirTz3Bq296zbwV6NWsTNm7hiYhBsVjaFWSeq7+y17T7wLsM9G1Xs1cUNmvYRZE7M77sRPQUCZY36sSqs7rKKd1lNxF8JwhVOASZYASGGQGJZRsCFp6px2Qn4llY6LR8/wCNenhvU/pfmLUf1jJ+qf3fpvxxO3hrVT+V+Y8/8fJ+qUEAAAAAAAAAAAAAAAAAAAAAAAAAAAAAAAAAAAAAAAAAAAAHW8MTtxvD9XJdPw7O3GcP1B7li/hV+i+OyjD1w0+i+vZzaZYZYaRnZkAXYp6t7F0hoY+8N3FPRYN3H1hsVa+Ls2KqicJMQyAxtDICMsJSiCUStp1UxKylgXQkhEpQCSF43hOGLR0BpZa7K692zljo14j3gX43yvmVO3hbN9J/Z9Vih8l5nW28LZf9+iK8E4BPLx7TT/3Ifo7Rzvo8M/lh+beDW5eMae3yyQ/R3D7b8Pwz86QUjYvbpLRyzvLZyWa0xzWQZxU6t2lNoU4abNrtUEbztCie6eSUK9ZBdibFZUY19Y6KJxPQ3lHszvuDLEzsjv1JlRmO66iiO6+oi6qyquqyAZBkBlgBlG3ZJC3YEYjeVkdlde6yAfM+PLcvhjVfpfmfN/Gv+qX6T8xL8nhfUfjV+a8n8W31kEQAAAAAAAAAAAAAAAAAAAAAAAAAAAAAAAAAAAAAAAAAAAHR4DO3F8P6nOb3BZ24phn80fuD3bTT9xT6NivZraTrpaT+DZr2c2mZYZIVAlnYUTx77t3DLSpO0trD1lYOli6xDZiGtg9GzCiUJIwzuIyMRLICM1SAR2TqizEgur2ThXWVm4JEsMgpy1ato2lvXjeGrkhAxTL47zUvy+GLx85fYU3h8N5t3mvhv62B4Rob8muxW+Vofo3geT2nBtPb8kfs/NuG3LmrPyl+ifCWb2vh/Tz+WP2KsdK5SnXstnHvKylNkClIiC87R3Tt0hRewITM77M4+6PqljjqDZpCyFdOy2I6AMEwjPRRGZ2ljn6lpQmd1F9JbFGti6w2qQItqsiEKpwDJuAM7jDICN0kLyDFe6cI17JQD47zNtt4YzfR+cb/AB2+r9Eeal+Twzkj5xL872+KfqgwAoAAAAAAAAAAAAAAAAAAAAAAAAAAAAAAAAAAAAAAAAAANvhc7cRwz+aP3ajZ4fO2uxfqj9we76Cd9Fj/ABhuV7NHhs78Pwz+VvV7ObTJHcI7rESDYlRms9Wzht70NWO7Yxd1g6uCd4bdWnpu0N2qoyxKezEwCESluxtACQwAyywzsCdU91dU4kE4lJGJSiYBGeqm9Wx0RvWJBrVjaXnnnDmiOA0pv3vD0a1dpeRec+r9zDp4n5Sg8fidp3e8eXOrnUcAx13+Gdng72Lyl1HNw7Jj36xMyVY9G9Wd9oYn5oWt0QrF7qrWZt3Y2BjdPH3RmE8cA2adlsdldI6LI7KIzCFpWzEKb9AQt2QgtJXqqNjE28bWxRHRtVjYFkJwhCUAkG4AywyBKu/dZPZVPWQSr2ShGEoB8D5uX5fDsx89359nvL3zzinbgFfx3eBz3SAAoAAAAAAAAAAAAAAAAAAAAAAAAAAAAAAAAAAAAAAAAAAL9DO2sxfqj91C7STtqsf6o/cHu3Cp34Zg/GroV+FzODTvwvBP5XTr2c1Z7kdyOxHdYLNujEpQjKjEd12KfeUQuwz7wOrpZ6N+jnaa3R0Mcqi0lmGJUQnuRBbuxzAl0YYiUoA2ZgZgGYShGEoBKEoQZgFkEdUYlmLbAxfbZ+e/NniE6jxBOD0p0/ze/arNyafJf5VmX5i8b6z7Z4l1N999rzCD596l5RZdr5ab+n+ry16P5T5Ntbkrv3j/AFKR7DbfZXKe8zCEotQtDMQyzEKIW7JY0bd06QgvrKe/RCvZJRmLKshaZhC1uiiuzOPrbZXNt5WYo94RuYo22bdWvjjs2KwCbMMAM7m7DHqCyGUYSBieyuO6y3ZXXuCbMMMg8z858m3B8VfnMvC3tXnVk20WCvzmf2eKpAAUAAAAAAAAAAAAAAAAAAAAAAAAAAAAAAAAAAAAAAAAAAFum/rOP9UKk8HTPT9UA904FO/CMH6XVr8LjeHZ5uDaefyuxXs5VUo7EdyOxHdqC2OzEs1klRDZPF8SOyePuDo6WXSxz0czTd4dHF2UbFJ3S2YokqKrwgtvCqYAShBmAWQzCMJQAnCCW6CUMsQSoTbZGb9GLboTvsDQ49qvs/CNRk322xz+z8v8VzfaOJ6jLvvzXmX6J8eauuk8OaiZnbmrMf5PzbktzZLT85BF935X5uTjE1377fu+EfYeW9+Xj9Y+iUe7x1iPoxMGOfcj6MykWo7G2zMR1LdIBVeeqzH1VW6ysxg2IjoTMwxEszMbKKb26qrzKeRVM7qMR1ls4o6tekdW3igRtU9F9ZVU7LIBPc3YJA36m/VHdmOsgsr1hliGZ7Axb4UKs2noxXuCcMsep6A8h87L7Rp6/jP7PHnrXnbf+kaav4/6PJQAAAAAAAAAAAAAAAAAAAAAAAAAAAAAAAAAAAAAAAAAAAAEsXTLT6wizT+JX6g9v8MW34Hp5/K7desPn/CNubgOD8Kw79OzlWk/Rj1Z9GPVqC2iUwhWVkT0VEJSpHViYIidwb+nnbZ0scuZgnaIdDDO7SNykwshVSFoMWhTaF89lVoBT6pR3YmOpAJwnCFU4gBndiYEEolJCJThRiYQmP8ANYxtuDzHzf1/2fhNdPE9bWh4c9X86dVFtVhwxPaOv83lAD6ry9tFfEWOJ9Zh8q+g8E5fZ+ItP+N4go/QeCd6Qu6bNXSTvij6NmGYtZ2Qv2TV3kFUdZW1jZVHddAJxKFrSlMq72UQtO6DMsbAnj7tzFHRq46tzF2VF9FsIVhMGSWUbSDEyU6ozO6VIBbBPYgkEZYgZgEoZYJ7SDxDzpy8/E8NPl/4eXvRPODJzcerX5bfs87AAAAAAAAAAAAAAAAAAAAAAAAAAAAAAAAAAAAAAAAAAAAAZr8UfVgjvAPZ/Bdt+AYfpD6Sr5bwJfm4BT8Ih9TXtDnWkgPVYlSrKysqoSrKiyYYrHVKOpttKjaxejfwz2c7Dbq38MqN2krolr0Xx2ESRtCTEwCi0IrbVVz3BmJWRKqO6dQT3Y2EgYjolEoyzAJwfiwTO1Uo8C838vP4h5d+0T+7zx9v5q5OfxTlj5TP7viFB1vC1/Z+IdJP/chyW/wK/JxnS2+WSAfovQWmcVZ+dYb1XN4Zbm02GfnWP2dKrEWpT0UXnqvmOjXv3UYjusr2V17remwEz0VWSmyG4MM1EqV95Rdiq2ccbSopvEw2qxCothJGqQMoWlmZQmeoEd1lVVe66oJwSQxYEfVmGIZgE47FvhYL/DM/gD89+bOTm8TWr8oj9nwj7DzOy+08WZvwiHx4AAAAAAAAAAAAAAAAAAAAAAAAAAAAAAAAAAAAAAAAAAAABHcAet+X19+B7fLZ9dTts+M8uLc3CrV+Uw+0r3c61E46nqVPVYlZShFlRbSVkKsc9V8RCiWPpZvYp6tOtGzi6SqN/HLYrO8NTFLaoCcEjIK7K5hbaFcgxslEMJVBmIOzMMzAIsRJPRjcFkSxk6Y5liLMZrfc3+iUfnHzKy+08V6j8LS+RfS+Pr8/inV//uS+aUGxw+/s9dhv8rNdPBO2ak/iD9F8Eyc/D9Nf51j9nar6Pn/Dtubg2kt+WP2fQU6xDC1O3ZrW7ti7Xt3UYr3Z5pRiSZBG1urHMxLALaytpHVRVdj33UbNIbFeyqkdF1Y3VEoSYiGZ6AxM9FUz1StZHfcE6wtqrpHRbWOgJR2RtKSue4MpRCMJ1BlHLO2O0/gl6qtTO2myT+APzV4/ye08U6iXzLueMb+08R6mfzOGAAAAAAAAAAAAAAAAAAAAAAAAAAAAAAAAAAAAAAAAAAAAAAD1DyzvvoctflMfs+5q8+8sr/dZq/jH7PQqsVqJwEBErJIeqidJ2lsUmJa0R1X0jbZRs0X4+ktakr6qjcx923SWlilt0t0gF27KMdUgYmFdoWoWhBWzDE9yJBZDLFUlEZhG0LGJruCuENTbbTZP0yt22a+ttFdHlmf7k/slH5m8ZX5/E+tn/uS4br+Krc/iPWT/ANyXIUEsfTJH1RZp8UA/QXhe2/ANNPyiP2fTYutIl8p4TtzeG8P4R/pD6rB/ChhWbz0a9u6/J0hrzPVRhGZZlGQYBmASq2MaisNnFsDYp2XV6KqQvrHRpEkbSlO0KryCNpYr1lDfeVlIBdSF0dIVVWx2BiZhCeqVkQSjslCMdkoBlRr7cujyz+Ve0uMZIx8Lz2n0qD8weJb8/HdTP55/dy27xm/tOK6i3zvP7tIAAAAAAAAAAAAAAAAAAAAAAAAAAAAAAAAAAAAAAAAAAAAAAHoPlnf3s1fx/wBHpNe8vL/LW+2ryV+f/h6hVitROGWIZEpAQKJxK+k7tZdSVG3WImFtYlTibFQW4567NvH2hp0jq28cqi+srFVZWR1BJC0JsSgpmEVlqyhEAsr0hKOquE4UZ2Z7sbm+0AxZocUtFeHZpn0pP7Ny1t5czj1+Tg2pt8qT+yUfmfxBfn45q7fPJLnNniV/acRz2+dmsoM1+KGCO8A978F+94ZxfT/w+twR91D5LwN73hnH/v5PrcXTDDCsZezX9Vt56bKvVRiUJTlGYAhliIZBOnds4qtWvduYewNii6OyqsLIaRi0qbW3lO9lM9ZBn1XY1Md2xSOgLKrPRCsJbgxaeiMFiI6AlDMSxEM7Azv0crxPk9nwDVW+VHVhwfGuTk8L6u35JB+Zddbm1uafnef3ULNRO+oyT+af3VgAAAAAAAAAAAAAAAAAAAAAAAAAAAAAAAAAAAAAAAAAAAAAA+y8ub7cVtX5xP7PV693kXl9fl41EfOJeu0+KWPTUWMserKQZgISmGoiKdZRSrINrFMtqk9Gljt12bdOzSNim+7Yo18ctmoLYlbEqYWVBZEsowlAMWhVaF0whMIK4TiejE12ZieijM9IVzeZTmeiEVmQYiN3I8VZPZ+H9XP5J/aXbiuz5vxzkjF4c1Ez61n9pQfmnUzzai8/OVaWSd8lp/FFQI7hHcHvXgGd/DOP/H/R9Zit90+S8vJifDVPrL6zHPuM/VRurTt3lBRgDZA2Z2IZBmsdW5iru06z1buHsovr0hmbdGJRmfxEV3nqxEM2jqQqpVquoqiVuOYkRdXszPZipboCLMIpQDIM7AzD5XzFyTj8Kar8aS+pnfo+L80svs/CuaPnEg/O+Sd8lp/GUS3W0/UAAAAAAAAAAAAAAAAAAAAAAAAAAAAAAAAAAAAAAAAAAAAAAB9H4HycnHafjEvZsfxPD/Cl+TjeH6vb8XXaWPTUWx3llGJ6yl6JBmO6c9ka91nLu0itmDbqQC7H3beOzSpOzYxX3aG/hbNGnhs26CLoSiUfRC14gF8SlEworeNllbQC0RiUgRmGNk5mELSDGzMMR1SgCz4zzMzey8M5Px2j932Uy8/82c0U8OzXfrMwg8AnuAoEdwB7x5czv4ar9ZfVYp92YfJ+W8/+26/WX1OKfetDP1U7eqCyfhRiFEdmdktjZBFmezLEgVnaW7hn3WhE9Wzjv0UbM39EbT0Ve02nqzNtwSixvsgztMqFsmxi1MRbaVWWJiGrMzF42EfQYrRau5fs19FM+zjdfeeoMQlDCUAeqSOzIJR6w8/83MnL4Zmvz3ffxPd5h5z6jk4Xixb/ABTP7A8PnuAAAAAAAAAAAAAAAAAAAAAAAAAAAAAAAAAAAAAAAAAAAAAAADp+HbcvGcE/mj93umCd6RP4PBuC25eK4J/NH7vd9HO+npP4M+mouTjsglHaGSp17rYV0hY0jFoQWShIJVldj93q16rqg3cFt5dDFG7maedpdPB2hpF816Kcldmzt0VZIBrxbaVlMnVC8bIb7A3K3iU+ZqUtK6lt0F26NmN+puoV6MzLG6FregM829nmPnNqOTh2LHE99v3enY469Xj/AJ054nNhxRPaP9UHkgCgAD3Xy16+Gq/WX1GP+LZ8t5Z//TkfWX1WH+PZlVuzMQs5Y3hjsCEwwlPdiQRYt2SlXaQRiN5X1nZTE9V1ZUSItO7JsCSVZ6oRvuzNtoBHPaOVqY68+RPLffot0mPe26DpaevJSFkz1YpG1WWkShJGOwDMkMMwCUw8f87Mu0abHv6/6PX9+sPEvOjPz8Rw49+0/wCgPLgAAAAAAAAAAAAAAAAAAAAAAAAAAAAAAAAAAAAAAAAAAAAAAAbXDLcvEcM/nj93u/Drc+ix2+dXgmjnl1eKfzR+73fgtubhmCfys+lje9UmPVKGSrKJyjjhbtu0K5YnsnMITAMV7raSphKs9TRu4J6upp52iHH09vedbTzvEKjdjqxeu8MVlLYGvenRTNdm3aFN6bgqiVlLbK5rsQDZiYlKFVLLYlRmeyEV3mZTmSvaQYr0id3gvm9q/a8fjHE9KxP7vebT91eflEvzh5kan2/inURvvyWmEg+TAUAAe6eWM/8Atyv6pfUUnbUzD5Xyxn/25H6pfUx/XGVbm6MyT3YAljdlGZBiUJSmUdtwZrXqtrGyFYWQolEp1QiEo6AzO0KMt9oTyX2hqXtzSDNY5pdDSU2aeGvWHU09YiqC70IJIaRIGAN2YYZgEtt4eAebmbn8Rcm/wxH7Pfpnasz8ofnDzK1Ht/FOad+0RAPkQAAAAAAAAAAAAAAAAAAAAAAAAAAAAAAAAAAAAAAAAAAAAAAATwTtqMc/mj93unhy3PwbT2/JDwrHO2Ss/jD23whk9pwHTz+SGfSx3Z7pRCE906swX446JTMwu0+OJqnfDu0NSZ9UebdZkxzCnlmJSgzDAC/Bbazq6e3Zxsc7WdPS37NDq47TKxTit0XCMW7KbRK+Vd46A17QilaJVzEgspK2stasyuoC6Z6HaGIhKO0qNfWZPZ6HLf5Vn9n5h8Vaj7T4i1mTfffJL9I8fzfZ+Bai/wCSf2l+X+IZPa6/Nkn+1bdINcBQAB7h5Xzv4e2/NL6y3TUvkfKyd+AT9Z/d9bknbPX6sVWzPZmCYZrCwYmOiuV8x0UW7ghJXeZJ7pV6AsrCcxtCEdUu4ETsxaehM7Ksl5Bi991dI3sxvMysxxsC/DTe0OnjjarU09OkS3KxtAhvulCO3VOIaCZYJAYShFKJkEM88mG0/g/MXjHN7bxFqbfmmP8AOX6X4pl9nw/Nf5Vflzj2T2vGdTf53n95BzwAAAAAAAAAAAAAAAAAAAAAAAAAAAAAAAAAAAAAAAAAAAAAAAI7w9n8C5OfgGGPlWHjHq9d8vL83BKx8tmfXFj671TrKEs1Zi109LPutjZqaW2/Ru1jdtFGSm8NS9NnStWGtmx9JBoTLCV67Sx6siVekt7S26w0Wxp7dVHcwzEw2IaOntPRu0ndRLZG3VKWFRXNYQtWNl0wrtG4KdoSqxNTcF0SlPwq6Ss36IPmPHmrjTeGM9vnG37vzXktzZJt85e+ebGp9j4anHvtNpj93gKgAAAD2zytnbgM/Wf3fW5v49J/F8j5W9eBT9Z/d9hmjfNT6sVW13iEqwbdISrCwJ7Na89Wxedoatp3kDvKdYRrCyKgzszvMQjPRGbgxe0qbWmU7WVd5BKkNikbzCulejYwV3sDcwRtWGxv0V44TlUZhJGJS3UGDdjcD1SRSgHM8R5fY8D1V/lSX5e4hfn1+e3zvP7v0p44z+w8Naq2/ekvzNnnm1GSfnaf3BAAAAAAAAAAAAAAAAAAAAAAAAAAAAAAAAAAAAAAAAAAAAAAAAB6r5bZObhd6/KY/Z5U9L8scm+nzU/N/ol4sffylSeiM92aMRW3pbbXdTF1hxsdtskbOvp53rDcRfNVGWm/o2fRG1egOTnptPZr+ro58W8S0MkcssjCzFba6uqdekg6+mvvs6GOXH0t+sdXVxW3hoXsEdWVRGUZTlVPcGLITMJTvKuaWkEosnE7x3V1xWlby8tY/FKry7zmz7cPw44nv/5eLPWPObUR7bDgie0f6vJyIAKAAPavKud+CWj8Z/d9neN81YfDeVF+bhWSvymf3fcx11WzNVubG+zM9ldr9AV5L9VUdZZvO6MSCyqyNvmprboluCdttu6m1kplVaQYmd2cdd5RjrK+ldoBKI67NzBWGtSN7Q3cVNlRbHRPuxszCjOzLIDDBJAEJdWN2QfGeZ+o9h4WzRv8VZh+d7TvaZ+cvdvN/PycBim/xTMf5PCAAAAAAAAAAAAAAAAAAAAAAAAAAAAAAAAAAAAAAAAAAAAAAAAAHoXljfbJmr+P+jz1915aX212Svz3/ZLxY9Qlms9WLM1c1W06Xh1tLaJiHIjvDp6Ps1EdCOxaOhT4WbdIaGtlpvEudnxbbutbs0s9ek9EHPr32T2RtG1lkT0Bdpr+/s7GC3SHDxTy3dTT33iFHSr2ZV0neFkKjEo8u8pkQDEUhnkj5JAMcqrNMRH0W9lOafct09EqvA/NzU+18Q+z36V3fAPq/MjNOXxZqY3+G0w+UVAAAAHrflJk30mWn++70Skbavd5j5R5PezU/D/V6d1jPDNVsXttGyi8rMk9VMgjLEJMdgNmd9mN2JkGJsxJ3SrXeQZx13ldt0IrywR1kFuGvvN+kbNbFVtRHRUSkhhKFEmJEZA3GCASjunt0RqlbsDyfzp1O2k0+KJ72/0eNPTPOPVTfieLDv0rtP8Ak8zAAAAAAAAAAAAAAAAAAAAAAAAAAAAAAAAAAAAAAAAAAAAAAAAAfaeW9tuK2j5xL4t9Z5e5OTjUR84lLwev942Yhn1Y9XNtOJ6Q6mgneIcqvZ0NBk2tENRl2a1nlYyVnZdimJolakSqNCYlTmrvDdyY9mvevRRys1NrMU6tjUY+jWpG07IqXa27e0t+jUmvRbprTE7A7OK28QviWngv0htVlpE2UYlIDcmUZlib7AlMw19RO2G8/llOb7qNZbl0uSflWf2Qfmvxzf2nirWT+d8+7HivJ7TxHq7fO7jqAAAAPRPKbNtxPJj37xH7vXbxtliXiHlnqfY+Ia1mfj2h7be33lfxZvVTyTvKCd4RBFGU9mNgQYTmrMVBCtd11KbEVT7QDFuzOOu8oz3XYYUbOOvRb6I1iYiE1RmEuyMJSAjMs79EbAzuzCrslEoLoLTtWZRqjntyYbT8oB+fPNHVfaPEl67/AAxD4p3/ABtnnP4k1Ft99rTH+cuAoAAAAAAAAAAAAAAAAAAAAAAAAAAAAAAAAAAAAAAAAAAAAAAAAPo/A9+XjtPxfOO74Pty8cxJR7bv0hHdmu01ifwR9WG1lJ6tnT35MsNSk9V1Z22lYj6bSZItSG1Ew5PD8u9Yjd1KbTDTJkrEw1MlW9MbwpyY42UcrPTo0dtrutmx9Ozn5abTuyrG29THPLZmsdEZjawOlgs3sc7uVp79nSw33hpF5MsRO7MAhaZQnddMbozHUFcR1aXFcnJoc8/Kk/s6OzkeIL8nCNTP5J/ZB+Z+N5PacX1F/ndor9dbm1uWfnZQoAAAA7/gnP7DxLpZ32ibw98vbeMdo9Yj9n504Dm9hxnTX37XfofSWjLo8Fvyx+zNVuz1rCPKsmI2g2BXscqzZiYBDl3S5WdgGNtmJZYtIIx1s28NGrjje7exxtCi2ISRhKIVE4ZYjoAjM7SEsSDEwRAzCCyOzS4vm9hw3Nf5VmW7HZw/GGaMHh3U3329yQfnDjub2/GNRffvef3c9bq7c+qy2+dp/dUoAAAAAAAAAAAAAAAAAAAAAAAAAAAAAAAAAAAAAAAAAAAAAAAAOx4Wty8bw/Vx3T8O25eM4P1R+4Pdsc744Rt3ZwdcFZ/As5tUiVsTuojutpKjoaLNNbxDu4b80Q+Yw25ckS72kybxCo6NS0RMI0ndNpGrmx7w52oxbejs3rvDSz44mJQcuOk7M2hLJTlsRG6KxjnazpYLbxDmx0s3NPfZR0admUMd94TUZYZnshM7CEy+d8XZvZcC1Npn+zL6H0fJeYOT2fhzP17wg/OueebPefnKtm/W8/VhQAAABbpL+z1WO/yl+iOA5YzcH09/yx+z851na0S978E6j2/h/D17M1Y+qnboMegQA3YmQZ3Y3Y3Y3BJC3dKezFY3kFuKs7btzH2UYY9GxEdGkSTrCMJ77AyjMs79EJkCerDO7G4EJQjCUdwWR2fG+Z+q+z+GcsRO02iYfZejy3zl1dqcPw4onpaf9Cjxa072mfnLAAAAAAAAAAAAAAAAAAAAAAAAAAAAAAAAAAAAAAAAAAAAAAAAAAN/gc8vFsE/mj92g3OETtxPBP54/cHvWknfTUn5wnKvQ9dHin8q2XNVaVJ6o26MVnqqtmLerqaDP2iXJr8LZ02TkvHUiPpcVl27R02XmrHVu1neG0S9FWTHvC6JYmN0HK1OLbtDUiJiXZz44mOzm5sfLIqmY67rMNpiUfRmvcHQwz6tmJ3ho4b7xs3KT0VEp7IT1lNGO4M7dHwfmhl9n4fvG/d99t02eZ+b+bk4RFN+/wD5QeGT3kBQAAAAe0eWmo9rwPl3+GZ/d4u9S8q9T/R8mGZ/3ulHqcdaxLElOuKJJhIqO4zMIgzMs0hH1WR2BC8p4a7oTHVfhjaAXUrtK+OyuiyOrSEb7rIIjob7AxMq9+qUzvKMgzKO8pMSBEp1VrKgnHaXjHnNqd9Vhwb9tp/yezWnarwXzbz+08QRWJ7VgHn4AAAAAAAAAAAAAAAAAAAAAAAAAAAAAAAAAAAAAAAAAAAAAAAAADa4ZO3EcP64/dqtjh87a/D+uP3B73w7roMX6WxLW4XO/DsE/lbTmquyELLVQmNlFlLLazttLWpPVfE9EHX0ObfaJl18dt4fNafLNLw7WmyzaIalR0Kyl3hXW3RKN1GbV3hqajDvv0bkMWrEwK4l68tup6N7VaeJ6xDRmJrO0wiJ4r7S3sUzLnR0lt4MnWIUbnUj4mIndmAWPH/ObU7Vx4d+71/f3XhHnDqfacYrj37bg82AUAAAAH3nlfqOTilsUz8Wz4N9N4C1X2fxFhjfpa0QD3/H1xQzMIYbb4Kz84ZmWYqNpR3LT1YiQZjust0qhWN0snYDHHNLcx0iIa2GG3WFE6xsnWEUo6CJ9kJlmZRUYYmerLEglv0N2IZ2BiIWVhCO6yAQz22xWn8H5z8xNT9o8SZevw9H6I1dtsF57bQ/M/i/L7XxDqZ+V5j/ADBxAAAAAAAAAAAAAAAAAAAAAAAAAAAAAAAAAAAAAAAAAAAAAAAAAAF+hnbW4f1x+6hdo+mrxfqj9we88HnfheD9MN7ZzuCTvwnD+mHQhz+tMzXdC1JW1hZNN47KjR6xK2lt0smP8FUe7K4Nmttp3dHR6jrs5VLbr8V5pIPpcN+asNiJcvQ54tWI3dKk7w1EWMoQlEgxesWho6jT+sQ3+6N67wg49qzT0Tw296G1lwxLXjHtcG9WfdhndCke71S9VE99qzv8n5280dVGfxPlrHakv0Hnty4bz8ol+afHeb23inVWid/eQfOgKAAAADp+HM/2fjmmyT2i7mLtJf2eqx3+VgfpjRXi+hxT86wstLneH8/2ng2C8T/ZiP8AJvz3ZViSCSIBZSOjF+s7J1jaqMe9YF2CvZtxCnFC+IUZiEtjboxMiMTuizuwoMwwlEAbJbMQnEAjEbTunPbcRyW5Y2KNLimSKcOz3+VJfmLjmT2vGNTb55J/d+lPEFvZ8C1V/wDty/Mmvtz6/Nb53lINcBQAAAAAAAAAAAAAAAAAAAAAAAAAAAAAAAAAAAAAAAAAAAAAAAAW6WdtTj/VCpPBO2ek/mgHu3AJ5uEYP0Q6cOT4atvwbBP5YdZz+tLKT1X16tWJ6rsVveaRszii1ezVz6aY7Q36TEwlakTCjj8s0S527bBupvp9kFmhy2jNEej6PFbesOBocExfd28XSIhpGzEs7oVlIEoJ7MMwCjIpmI3bWSvTdqz37AtrHRn1Rr2Z3Bq8RtyaHLb8s/s/MXiLLObjepvPrZ+meNX5OF55/JP7Py9xS/PxLPb52lBqAKAAAADNZ2tE/iwA968Aaz7T4exRvvNX0sz1ee+VOotbh2THM9I/8vQturNVnZKsdTZOkdQZv7tUMUb2ZzW36LNPUGzjr0XVhCsdE6qiUztCEzunMdEPVRjZnZmKpbAr2TiGdiANkoYZgBTlt1W5JiIatp5rA5HjHN7HwxqbfOkw/NWotzajJb52l+hvMbL7Lwrm694n9n52tO9plIMAKAAAAAAAAAAAAAAAAAAAAAAAAAAAAAAAAAAAAAAAAAAAAAAAACWLplp9YRZx9MlfqD3Lwrbm4Hgn8sOy4Pg63NwHD9Id5z+tMpVnqiRPVobuLJs2otGzm0vtLbpf3VRZNlc+9LO6VK72Bs6akRDep0hrYK7NqoiUSnFlc2iD2kKL4llRGSPmlGSPmC7v0U2xxulGSPmjky126SCuZ5ZZjqr5uaU6z1BzPEtuTgmon8kvzBrZ31mWfzS/THi+/J4f1Ex/dfmXUTvqMk/mlBWAoAAAAAA9Y8p6T9jy2/33ekxD4HyqxcvCrW27/wDl6DWrNVmtU4jaCIYm20SCnJO923grtWGjE75Y3dfBhiccSDNIWRCUY9iejWIjKO3VLdgGewwzAGwMgG+0CvLbaAQyW3lXEe8x1tuuxU6RuD4bzVz+y8N8u/xTt/k8De0+cmp5eHYsUT/beLJAAUAAAAAAAAAAAAAAAAAAAAAAAAAAAAAAAAAAAAAAAAAAAAAAAACvxQEdwe0+B55uAYvpD6N8t4AtzcBr+Gz6r1YrcGI7skdwSrPVfW+0NaOkrIt0WMtqs7r8M7y0qW2buk96yjfxdITtkisd0LRaI6QpvhvaN+ojNtQh7dCcUxCG0wir4zylGdrbMwDZ9vJF+ZRCykqi+i2J6qazCysg4njW3L4c1E/lfmnN1zX+sv0h48tt4Z1H0fm7J/Et9ZURAAAAAAI7hHeAe4+WeGKcBrb57vtqw+R8ua7eHcX47vsGVOyjJZZe0bNXJbqCMztMT+Ls6HU1tiiJlxJndLHmtinpIj6KcsT0iVV8jlU1k79ZWRq9/U0b/tN2YvDQjVQzGpjddHQi0JRLUpmifVfS0SosN2IliegJbxspyb2snErK1gFWPEs22j6LNkMnu45kHinnDrefV49PE9ury99r5oan23iK1d+lY2fFAAAAAAAAAAAAAAAAAAAAAAAAAAAAAAAAAAAAAAAAAAAAAAAAAAAAA9b8uMm/B7V+Ux+z7J8D5aZd9Dkpv2t/o+8rZitxNhncQYZiWNjcROLOlw3ab9XMhvcPtNcjUR360rPozNI22iGMV96p92hq5MO7Vvi2dK0bxs18uJKNDlZ5V1saE12QQiEoNurPJMqMxfZbSyqMa2lRHznmDbbwzn+j853+O31fobzGty+G830fnm/xz9VGAAAAAACvxQM0+OPqD37y+ry+HMP+L6e1oh874Hry+HMH0dvJbqyrGS+6mWZmZRFN2CWECdyLbG4glzE3lAnqui6moms93Q0+piY6y5EyniyzSe66y+grbeC0tfS5eem6+VDdbSyiZZjJso2eZVqJ+5vPyhiuSJV628V0eW0f3ZB+b/HWX2viXUde1pj/ADfOOx4qye08Qaqfzy44AAAAAAAAAAAAAAAAAAAAAAAAAAAAAAAAAAAAAAAAAAAAAAAAAAAAPQ/LPJ/Fpv6/6PQ4nq8v8uM/JxC+PfvEvT56SzWoupbdNr0vtK6LbsqkxMM7ghWerc03SzTiNpbWmt1WI7WnvOzbrPRz9PbpDerPSGhYxasWhn0NlRr3xK5ww25hGaxKK05xREkV2X2ohNQVyRPVmYlGJ6iPj/M3Jy+Hrxv3h4Db4p+r3HzYz8vBIrHq8NnuoAAAAAAJYv4tfqinh/i1+oP0H4R93w9gj8HVtbeXI8KW/wDQcH0deessVpBiUphGe6jDEs7HKgjuJxRKKGCraWeWV8Y1kY4XBqezmUqaeZnq264437LYxxC4iWmr7OrYm0KY6RsxNtvUFk3/ABR54juptfqj7156CLvtHLOyGqz82gzfolZj03NG8sa7BXHw/NMf3JB+aPEc78b1P65cx0/EXXjep/XLmKAAAAAAAAAAAAAAAAAAAAAAAAAAAAAAAAAAAAAAAAAAAAAAAAAAAAPpvAmX2fHKxM94exTG8bvEPCuT2fG8M795h7jSObDWfwZqxTv1TrZi1dpYhFX1lLdVWVkSgzutwX2lWR0lB2tNeNodDHLiaTL2jd18Vt4h0iNqJhn1VwnCozLEwybArmu6E412xMA15xIzi6NnlY5N+qDyfzgvyaLHj3eNPVvObPtq8WKJ+bylQAAAAAASxfxa/VFLH/Er9Qe++E7b8Cw/R29+jg+EOvAcP0d3Zi9aJneGIhnZKtQOVmKs7MxC4hEMxVmISUZirPKR1WRAMV6J79EZhHedgZtdD3rz0SrSbSurj5QQx4Obu2ceOsehWF0QIVrHZqcVt/6fmj8kt3t1c7i0/wDp+ot+SQfmjxB/+tan9cua3+OW5uL6ifzy0FAAAAAAAAAAAAAAAAAAAAAAAAAAAAAAAAAAAAAAAAAAAAAAAAAAAAG9wXJ7LiuC354e/aD7zQ4rR13rEvzxpb8mqx2+VofoLwzk+0cF09on+xCUX5ce0NeazDq5MO8NTJh29GVakTtKytt0L0mJYjoGtmEvRRW62tt0xV2C/LaHZ02XeIcKHR0WWOkTLUo7NLbrYa+G0TC+stJWfVndgEZZYNwZRv8ADMs7qNbl9lpMl5nbaJB4D5r66NT4jtjid4xvhHe8Z6uNZ4j1OSJ3jmcEAAAAAABmnxx9WCvxQD3nwX14Dh+j6KKvmvANoycAx/g+pirKoRVOK9DZIVHZmGYrKUVVGIZiEtiIBmsQnujtsz3BiZ3SpTfuVp1WxXYGYrFYObdmIYmOoJ07r4VUqt32hURyX9Ic7jlvZ8G1Ez/clvxG9t5crxVkjHwLUTP9yQfmritubieefzy1F+utza3LPztKgAAAAAAAAAAAAAAAAAAAAAAAAAAAAAAAAAAAAAAAAAAAAAAAAAAAAGaTteJ+UvePAef2vAcP4REPBns/lrqYvwbk361Sj73l5ld8O8T0W4pjlWcu8Irl5dP0al8E1du2Hf0a+TT9OwOPMzEp0s2cumn5Na2O2OesIL623bGC3LdoVvNZ6tmlu0oO/pr71huVcrQ5YmNpdOk9GoLN2d0d2d1Rnc3RFEt3G8UauNNwbPkmdoirr7vi/MvWRpfD2WN/igH5/wCI5fba7Lk+dpazN55r2n5ywAAAAAAAR3AHtnlpl9pwSK79n20Q858qM/NosmOZ7f8Al6PEMqbQlFCtUpnaFGOkIzZmZ6IR1kEo3lOrEQlEAxPVOld2Yp6pbAlFYhLZGE4BiDl6pcqVa9eojNOha3VLsovfqourL5rx3n9l4d1E796S7vtdp7vjfMnVRj8PZI3+LoDwTLbmy2n5yiT3AAAAAAAAAAAAAAAAAAAAAAAAAAAAAAAAAAAAAAAAAAAAAAAAAAAAAHpnljq9sOTFM+rzN9v5b6jk4hbHM90o9pwXjkhtY5crFk226t7Dk9UVtxESjakSVtvKyIaGtbBE+jXz6OLRvs6fLBOOJhB81qdPbHbeIYxX9Hcz6SL1no5Go0l8V5mIMG3or/eRDt0npD53Q2n20RL6DHPSAX7soRPRmJES3O7AoPK/OPXxTR49NE9bbvU5naN3g/m3xGNTxquCJ/hg88AAAAAAAAAB6X5TajbUZcW/yetRDxDyx1XseOxjmfje3Vt7sM1U99oQmWJsxvtAMTPonSvqrjebNmsdAYiFlYOXYhRP0ZiN2IjolXpAMbMwz3ZrEbiJRCcRsRERCGS20AjkyRES1L5Jmeidua89F2HTetoUa9MV8n4PPPNvLOHhdMW/e0PVJitKdIeNecWq5smPDv8AiDyoAAAAAAAAAAAAAAAAAAAAAAAAAAAAAAAAAAAAAAAAAAAAAAAAAAAAAB9J4I1HsON0jf4uj5t0eAZvYcXwW329+Ae+4rRtWfnDdwX9HM0l/aabHb51ht4r7MxXVxW6tiGlp5me7ci0RHdUWQzGyr2n4se2FX9FGoxVmOsMe3hi+eJgGrj01a5uaG/FtoatcnVZzg2qW6J1s1aXldW3URsRLKFbbpddt4UVavJGLT3tPpD8yeMdbOu8Q6jJM7+9s/QvirW/YuDZ7zO3uvzNr8s59dlyT62n9wa4AAAAAAAAAO34Q1f2PxDp8kztHN1foDFmjJhpevaYfmnS5Zw6mmSJ2msvf/C/EK8Q4Niyb7zy7JVdqJ7J2nshX4uvospE3vsgtx44mIX0pMSlTF2hdGPaFFU13R22lfMdEJqDER0ZiOjMGyjGyVK9WNk6xtAha0VhrzvklbaJtK3HiiI3BHFhivddPTsxMo3n3QQyW3l4N5saqM3HfZxPwxt/m9zz5PZ6fJee1Ymd35v8b677d4i1F994i0wD54AAAAAAAAAAAAAAAAAAAAAAAAAAAAAAAAAAAAAAAAAAAAAAAAAAAAABbpcnstTjvHpbdUdge9eHtTGp4Rgvvv7sQ62KJm8RD4Hy94xGbR/Zb296vZ9/prbZq7/Nn6rqU3xYo3hXbP1dfHhxZMUTPya2bh1ZieVaOf7afme0slk0GSvZTOnzR6IJ88kWmUPZZvkRjy/IVZFtk4yfiq9nln0YnDm+Qjarl/FOub8Wl7PPHpLH30f2ZB1seaJ9WxS+87+jiVyZK94ltYdbFY96dthHxvmvxX7JwicEW2tk3h4Tad7TM+r7bzN45PEuN2w0vvjxviWgAAAAAAAAAAejeWviGMWb7Bmt0n4d3nLY0OsyaHVUz47TE1kH6VrO+1vm2NHaPa7S+T8I+I8XGOH03vHtax1h9BGbkvHLLI+kilNoli223RzsOv5oiJlsRniY33XRZKEyhOVGLgugV8/yIyekmqsSp1lXz1j1TpaJldRdFIZmYrBzdOijJabTsCVsiq2Tcmsqc2SuLHa9p22jeQcbxlxenCuBZrzaItasxD846vUW1WqyZrd723fc+ZXii3EdbOiw3+7xztO0vgAAAAAAAAAAAAAAAAAAAAAAAAAAAAAAAAAAAAAAAAAAAAAAAAAAAAAAAAAdLgfFsvCddTNSem/WHs/A+M6fiWlplx3jm26xu8GdLhPHNXwnNF8OSYj1hLB+meHa6LY4rMulW1bRvDyDw75gabPyUz25Mnq9E0HFKZ8cWreJiY9JFduYie8ITjrPohTNFoiYljPlmldwSnFT5Qeypt2aH/EIidp7szxPk2mYQb0Yq/I9lHyV6fWUzRvv1bHNGyiHs6/3WfY0nvWCclaxvu1snEsVJ2mQbFtPit6Q+R8c8V03BOFZbxeIy2rPLES1fF3mDj4LhnHi65Z7PFuP+JNdx7Uzk1OWZrv0jcRzdZqL6rVZM153m1plSCgAAAAAAAAAAADqcD45qODauuXFeYrv1h7H4e8R6fjGmrat4jJt1jd4Q6XBOLZ+Ga7HfHeYjmiJhLB+gYvNZ6Svx6q0RtLlcL1ca3h+LPE/FXdt77Ma06FdX0PtLQ3/ABV5dTyRtHddXHQvreWN5lTbjGOPVw898+a20T0Yx6O0x1TR2p4vWe0rcPGOvdyKaP0hP7Jas7wuo+r0+srmp0ldEx3cThcWx1nmlZxXjmDhmlvktO3LDUqOnnz48OObXvFYiPWXmHjjx9i0+HJotHfe89JmJfKeJvMTX8RzXxafJNMfbo+Jy5b5rzfJabWnvMqjObNfPltkyWmbWneZlAAAAAAAAAAAAAAAAAAAAAAAAAAAAAAAAAAAAAAAAAAAAAAAAAAAAAAAAAAAAZra1JiaztMPVvLviufU6KcWS8zNfWXlD0Ty0mYrk+X/APqVY9U0vELY5iLS7GLVYc9Yi+z5fniWxhy2jtLGq62u4dzVnJhlyc18lccxePhdDBqckV2tfoaiuPLWY233Bo6LUzyxNZ7Oxj1u9I37uNi01sVpilekt/BpclrbzDURsZ65MuOZpOzQ+yXmdrzMz3dimO8V5UowV2mbQtH5+8yvc49OPftWHxr6/wAzJ38UZPwrD5BUAAAAAAAAAAAAAAGaztaJ+UsAPavAWr+1cAxxv1pEQ+jybvivK+0zw3JHpvH7Puoxc07Odn61GvWtpnulOGZmd4blNL03j5tiumm3RcNciNPyzO63HWsdJdG+hmY/xa2bRZIiNo9Uw1V8E9F2OMl69KbsUwZYtG9d3RwTekRHIo0/Z6is7RXaHxXmVqbaXhHLM7Wu9H2vkmOmzzHzhx8mlw/79ViPIJnedwGkAAAAAAAAAAAAAAAAAAAAAAAAAAAAAAAAAAAAAAAAAAAAAAAAAAAAAAAAAAAAHo3ltG2LJP8Avu85egeW+opW98VrREz/AOUo9Hx45t2b2DSfNVpYjZ0ccdGWksWmrMdZbNMOOIiIhGldlkRO8fRWUqY6RHZfWsekKaLq77Alvt0Ymfck6yjkvFMdrWmIjbuD88eZUf8AujJ9HyD6jzB1NNT4lzTSd4jo+XaAAAAAAAAAAAAAAAAHrPlfXbhmSfxj9noOGu87vNfLLiOGulyae14rbeNomfwemaeY277s3q62sddun4rYiYliOkRP4J16/wAkE6xO0p8sT0mPRinb/BbEdf8ABRCMdd+yXJHyZ229GQIq8q85v6th/wB+r1XmmOvR5F5x6mtvZYot169CI8kAaAAAAAAAAAAAAAAAAAAAAAAAAAAAAAAAAAAAAAAAAAAAAAAAAAAAAAAAAAAAABucM4nn4ZqIzYbbTDTAekcN8zYx1rXU4t9vWIfRabzR4VaNr1tX+TxUTB73h8yuC375dvrMNmPMXgfT+kV7fN+e95+ZzT8zB+hq+Y3A4/8AkV/nDFvM3gdIn76J+kw/PXNPzN5+Zg941Hm3wfFWeSt7T+Gz5bj3m1k1envg0WOac3TeXmAYLdTqcmrz2zZZ3tad5VAoAAAAAAAAAAAAAAAA2NFr8+gzRlwXmsx8pfY8K8y9do4iuasXh8MA9dwebemmI9rivvs6Gn81+F26XravTb0eJCYPfcfmdwWY/ibf4w2sfmVwOf8A5ER0+cPzxvJvPzMH6KnzI4Ht/Wa//wBlGXzP4JirMxl5vpMPz5zT85N5+Zg9s13m9w6tLRhxXm3p2eW+JfEefxBrpz5eld+kOKKAAAAAAAAAAAAAAAAAAAAAAAAAAAAAAAAAAAAAAAAAAAAAAAAAAAAAAAAAAAAAAAAAAAAAAAAAAAAAAAAAAAAAAAAAAAAAAAAAAAAAAAAAAAAAAAAAAAAAAAAAAAAAAAAAAAAAAAAAAAAAAAAAAAAAAAAAAAAAAAAAAAAAAAAAAAAAAAAAAAAAAAAAAAAAAAAAAAAAAAAAAAAAAAAAAAAAAAAAAAAAAAAAAAAAAAAAAAAAAAAAAAAAAAAAAAAAAAAAAAAAAAAAAAAAAAAAAAAAAAAAAAAAAAAAAAAAAAAAAAAAAAAAAAAAAAAAAAAAAAAAAAAAAAAAAAAAAAAAAAAAAAAAAAAAAAAAAAAAAAAAAAAAAAAAAAAAAAAAAAAAAAAAAAAAAAAAAAAAAAAAAAAAAAAAAAAAAAAAAAAAAAAAAAAAAAAAAAAAAAAAAAAAAAAAAAAAAAAAAAAAAAAAAAAAAAAAAAAAAAAAAAAAAAAAAAAAAAAAAAAAAAAAAAAAAAAAAAAAAAAAAAAAAAAAAAAP/9k=');
INSERT INTO `usertermekek` (`id`, `kategoriaId`, `ar`, `nev`, `leiras`, `meret`, `imageUrl`) VALUES
(3, 4, 1200, 'polo', 'igewn jo', 'M', 'data:image/jpeg;base64,/9j/4AAQSkZJRgABAQAAAQABAAD/4gHYSUNDX1BST0ZJTEUAAQEAAAHIAAAAAAQwAABtbnRyUkdCIFhZWiAH4AABAAEAAAAAAABhY3NwAAAAAAAAAAAAAAAAAAAAAAAAAAAAAAAAAAAAAQAA9tYAAQAAAADTLQAAAAAAAAAAAAAAAAAAAAAAAAAAAAAAAAAAAAAAAAAAAAAAAAAAAAAAAAAAAAAAAAAAAAlkZXNjAAAA8AAAACRyWFlaAAABFAAAABRnWFlaAAABKAAAABRiWFlaAAABPAAAABR3dHB0AAABUAAAABRyVFJDAAABZAAAAChnVFJDAAABZAAAAChiVFJDAAABZAAAAChjcHJ0AAABjAAAADxtbHVjAAAAAAAAAAEAAAAMZW5VUwAAAAgAAAAcAHMAUgBHAEJYWVogAAAAAAAAb6IAADj1AAADkFhZWiAAAAAAAABimQAAt4UAABjaWFlaIAAAAAAAACSgAAAPhAAAts9YWVogAAAAAAAA9tYAAQAAAADTLXBhcmEAAAAAAAQAAAACZmYAAPKnAAANWQAAE9AAAApbAAAAAAAAAABtbHVjAAAAAAAAAAEAAAAMZW5VUwAAACAAAAAcAEcAbwBvAGcAbABlACAASQBuAGMALgAgADIAMAAxADb/2wBDAAoHBwgHBgoICAgLCgoLDhgQDg0NDh0VFhEYIx8lJCIfIiEmKzcvJik0KSEiMEExNDk7Pj4+JS5ESUM8SDc9Pjv/2wBDAQoLCw4NDhwQEBw7KCIoOzs7Ozs7Ozs7Ozs7Ozs7Ozs7Ozs7Ozs7Ozs7Ozs7Ozs7Ozs7Ozs7Ozs7Ozs7Ozs7Ozv/wAARCAWMAyADASIAAhEBAxEB/8QAHAABAQEAAgMBAAAAAAAAAAAAAAECAwcEBQYI/8QARBABAQABAwMDAQQGBgcHBQEAAAECAwQRBSExBhJBBxNRYXEiMmJygbEUIzNCkZIVJTQ2UoLBFiREU1Sh0RcmNUOi8P/EABYBAQEBAAAAAAAAAAAAAAAAAAABAv/EABgRAQEBAQEAAAAAAAAAAAAAAAABEQIS/9oADAMBAAIRAxEAPwDpkAAAAAAAAAAAAAAAAAAAAAAAAAAAAAAAAAAAAAAAAAAAAAAAAAAAAAAAAAAAAAAAAAAAAAAAAAAAAAAAAAAAAAAAAAAAAAAAAAAAAAAAAAAAAAAAAAAAAAAAAAAAAAAAAAAAAAAAAAAAAAAAAAAAAAAAAAAAAAAAAAAAAAAAAAAAAAAAAAAAAAAAAAAAAAAAAAAAAAAAAAAAAAAAAAAAAAAAAAAAAAAAAAAAAAAAAAAAAAAAAAAAAAAAAAAAAAAAAAAAAAAAAAAAAAAAAAAAAAAAAAAAAAAAAAAAAAAAAAAAAAAAAAAAAAAAAAAAAAAAAAAAAAAAAAAAAAAAAAAAAAAAAAAAAAAAAAAAAAAAAAAAAAAAAAAAAAAAAAAAAAAAAAAAAAAAAAAAAAAAAAAAAAAAAAAAAAAAAAAAAAAAAAAAAAAAAAAAAAAAAAAAAAAAAAAAAAAAAAAAAAAAAAAAAAAAAAAAAAAAAAAAAAAAAAAAAAAAAAAAAAAAAAAAAAAAAAAAAAAAAAAAAAAAAAAAAAAAAAAAAAAAAAAAAAAAAAAAAAAAAAAAAAAAAAAAAAAAAAAAAAAAAAAAAAAAAAAAAAAAAAAAAAAAAAAAAAAAAAAAAAAAAAAAAAAAAAAAAAAAAAAAAAAAAAAAAAAAAAAAAAAAAAAAAAAAAAAAAAAAAAAAAAAAAAAAAAAAAAAAAAAAAAAAAAAAAAAAAAAAAAAAAAAAAAAAAAAAAAAAAAAAAAAAAAAAAAAAAAAAAAAAAAAAAAAAAAAAAAAAAAAAAAAAAAAAAAAAAAAAAAAAAAAAAAAAAAAAAAAAAAAAAAAAAAAAAAAAAAAAAAAAAAAAAAAAAAAAAAAAAAAAAAAAAAAAAAAAAAAAAAAAAAAAAAAAAAAAAAAAAAAAAAAAAAAAAAAAAAAAAAAAAAAAAAAAAAAAAAAAAAAAAAAAAAAAAAAAAAAAAAAAAAAAAAAAAAAAAAAAAAAAAAAAAAAAAAAAAAAAAAAAAAAAAAAAAAAAAAAAAAAAAAAAAAAAAAAAAAAAAAAAAAAAAAAAAAAAAAAAAAAAAAAAAAAAAAAAAAAAAAAAAAAAAAAAAAAAAAAAAAAAAAAAAAAAAAAAAAAAAAAAAAAAAAAAAAAAAAAAAAAAAAAAAAAAAAAAAAAAAAAAAAAAAAAAAAAAAAAAAAAAAAAAAAAAAAAAAAAAAAAAAAAAAAAAAAAAAAAAAAAAAAAAAAAAAAAAAAAAAAAAAAAAAAAAAAAAAAAAAAAAAAAAAAAAAAAAAAAAAAAAAAAAAAAAAAAAAAAAAAAAAAAAAAAAAAAAAAAAAAAAAAAAAAAAAAAAAAAAAAAAAAAAAAAAAAAAAAAAAAAAAAAAAAAAAAAAAAAAAAAAAAAAAAAAAAAAAAAAAAAAAAAAAAAAAAAAAAAAAAAAAAAAAAAAAAAAAAAAAAAAAAAAAAAAAAAAAAAAAAAAAAAAAAAAAAAAAAAAAAAAAAAAAAAAAAAAAAAAAAAAAAAAAAAAAAAAAAAAAAAAAAAAAAAAAAAAAAAAAAAAAAAAAAAAAAAAAAAAAAAAAAAAAAAAAAAAAAAAAAAAAAAAAAAAAAAAAAAAAAAAAAAAAAAAAAAAAAAAAAAAAAAAAAAAAAAAAAAAAAAAAAAAAAAAAAAAAAAAAAAAAAAAAAAAAAAAAAAAAAAAAAAAAAAAAAAAAAAAAAAAAAAAAAAAAAAAAAAAAAAAAAAAAAAAAAAAAAAHl9P6Xuepa009vp3Kg8QfbbP6bdQ15LqX2/lY8/8A+lW4uPbWv/sDroffav0s6hP7PLn+MeFrfTXrOlLZhL/zA+OHu936R6vtOfftrZPu7vVamz3GjbM9HOcfs0HCLcbPMsQAAAAAAAax0tTP9XDK/lHnbToXUd5eNHbZ385YD14+s2v0563uMZldH2y/i8jP6ZdYwxtuE/zA+LHseqdD3nSdT27jTs/F64AAAAAAAAAAAAAAAAAAAAAAAAAAAAAAAAAAAAAAAAAAAAAAAAAAAAAAAAAAAAAAAAAAAAAAAAAAAAAcmht9Xc6k09HC55XxI+/9KfTHedS1MNbe4XT0vPFllB8b0foe86xu8NDb6WWXuveyO8PTfofS9PdJ+01MZlr2Tm8Ppeg+lendE0ZjoaOPuk/Ws5r3OrpzPSuFnPIPk9Gdu04eZp4cpqbf7HXyxc2lio3jpyzw5Zo43zIuOLkkoOLLZ6Gc4z08bPyev3fpbpW8l+022Pd7iTst8A+I3f0u6NuLbhpzHl6fd/R3bZ5f1GtMf4Oz41xwDqDP6Man93dz/K4r9GNz8bv/APl3Lx2+QHTP/wBGNz/6v/8AlvH6Ma/zu5/ldxgOptv9GsJZ9ruZf+V7Xb/SDpmHF1Mpl/B2J/E7UHy2w+n/AETZSe3bY5WfL3m36Rs9pjxpaGOP8Hm8cAOH7LCTtjJ/BxZ6WNl5k4eVcXHdO1B83130ntOubXLDPGS3xeHTfqf0Jv8AoWtllhhlqaPxlI/RPtknaOHcbPQ3endPX0scpfiwH5SywywvGUsqO9/Un0x2XUNPLU2uPs1Pj7nU3XPSHU+i6uU1dDLLCf3pOwPQhZcbxZxQAAAAAAAAAAAAAAAAAAAAAAAAAAAAAAAAAAAAAAAAAAAAAAAAAAAAAAAAAAAAAAAAAAADjnwAPM2XSd7v9WaehoZ5W/hXYHp/6UbjczHW32Vwl/u9qDrnb7PcbrOYaOllnb905fa+nPpnv+p3HU3Uulp34vau1+j+iOldJwmWnt8LnP73Hd9Ho6eGOPEnHAPlOgfT7pfR/bldOamc+cpy+y0dHT0tOY6eMkn3MyRyad4vCjkxvwvyzZxeWsbzAeFvtnjq43OTvHrNO3DK419B8V4W52Uy/Tx7UHj6efZzTjh4smWF4ynhzYZ8g5pF9vZmZNygntWRYoMrFEEv5HC91UZ9pw0Azw1JAA4jOV4W5cOO33VAk7tSd+5jHLMZJyDGU4xeFu+mbXf6dw3GljnL98eZlebwccA69659Kun733amhzp5XxMe0dbdd+nvVek5246V1MPi4936L4+fhjU0NPWxszxmUvxQfk7W2uvt8rjq6eWFn3zhxP0n1j0H0jqkyue3wwzvzI+B6z9INbG5amyztnxO0B1UPddV9J9V6TnZrbfKyfMnL0+ennheM8Msb+MBkAAAAAAAAAAAAAAAAAAAAAAAAAAAAAAAAAAAAAAAAAAAAAAAAAAAAAAAAAAJOfDztl0bqG/yk2211NTn5kB4K44ZZ3jHG212D0H6U9Q3vt1N5fssL5xylldg9H+mvSen+3LLT9+U+beYDpfpXpLqvVNTGaW3z9t+eHY/p/6S6WncdXqGXv8Am42OzdvsNttcZjpaOGMn3Yx5PHHacSA9V030507punMdvt8Zx8va44TGcScRWlCTtwnt48LyoJ35X5AHNLLjwnhxy8VyyzKAssW8Vx39FcbyDj1dDHU78d3iZ6GWF7R7HlmyX4B66W43u3jlbXk56OOXw4MtHKePAFz9s8sf0hw73LU0tC3HG2yPmNx1nebfH3XRy/GcNTnWbX139Kx+O5N1i+Q1vUlw0cc8ce/zHPp9f+00/dMLbwvg19Td1j4lcmOfunL5fYdS195uZjdHKT730unhZjJxwzZixv3LzyexbeJwioly/FLeT28gzebW8cVmFcmMmPegY48Tuznl24i55zxGJObyguM7cqvwAkXj7wBL5SyXy0lB4m52G23WFx1dLHKX74+W6v8ATnpHUJllNDHHO/L7NKDo3rf0o3m192ezt1J8SR8XvfTvUtjlZrbbKSfL9SXD3TiyWfk8Hc9L2W5xuGrt8Lz8+2A/K+WGWN4yliP0F1X6bdJ38txw9lv3Xh8V1f6SbjRly2erLJ8d6DrIe43/AKV6v0/LL7Xaantn97js9Tnp56d4zxsv4gyAAAAAAAAAAAAAAAAAAAAAAAAAAAAAAAAAAAAAAAAAAAAAABJcrxJbfwAHt+lemep9W1Zht9vl3+bOHYPp/wCkmV9up1DOy/8AD2sB1ft9hut1lMdHRzz5+6Ppuk/Tvq3UMpc9P7PG/wDF2d2dM9JdK6ZhJp7bCWfMj3GOlhhOMcZwDr3oP0r2W0mOpu/08/uvePttj0Pp+ww9uhttPH8Zi8/hr4USSTiScRqTknCge3/BZJL98AAFBFgAKigLjlxWQHPLjnO/lm42OKe74cmOp8UD3d2vdEsxy8eUuF+AXlnKxObGbQLMcu1krg1NjttWfp6WN5/Bze6EvK6mPAvQ9hf/ANOP+DeHSNlpz9HSx/webwG0xx6W10NH9TTxn5RygioljSzwDjkamJcpGbqA5LlJHHlnyxcras7ILJ97c4Z55WUFEUFEUEAATstZAv5pw0lBx3FnLHlyVmg8PcdP225lx1dLHKX74+d6n6C6TvsbxoY4W/OMkfWcJYDp/rH0nzxmWeyy5/C18X1H0f1Xp9vv0MspPmSv0n7fuePrbPQ3ONx1dOZT7qD8s6mhq6N41MMsb+MYfoLrfoHpXU8Mrjo46ed+ZHWnXvptv+nXLU28uppzuD4gc242evtc7jraeWNn3xwgAAAAAAAAAAAAAAAAAAAAAAAAAAAAAAAAAAAAAABJcrJJza+x9K+gN/1rW09XV07p6F782eQfO9M6Lveq6009to5Zc/Mdp+l/pbp6Ps1+oT3Xz7bH3fQvTGw6JtsdLR0JcpO+VnL3UxmPaQHg7LpO02OnMNDRxxk/B5sx4bh8KMTjnhrjsnHdQXiFxFBn2rw1wcAiNcAIsgkBTgpKAoAigCcpyvABz9zU1OGWaDl+0lZtxrHLPuBv241Zj+Li91X7Sg5Pae1x++lzoOWRezg99q80HLc5Gbmx5AS21FAIvKANSr8sStcgqsqgvKpEtBRAFQAAQCs2NJQZ4ThpAZsZs7dpw3UBxZRw6ulhnLLJY8mxx5Yg+U6/6O2HVtHK3Sxmp8Xh1N6h9Eb7pGWWpjhc9KfPDv8Ayjw93stHd6Vw1dOZTKd+YD8x5Y3G8WcWDsz1h6AmnjqbvY42cd7j5da6ullo6lwznGUvFBkAAAAAAAAAAAAAAAAAAAAAAAAAAAAAAAAABrT08tTOYYS23xIy7A+mvpKdW3k3m4x/qsLzOZ8wHk+iPp3rbzV095vsONPzJXdGy2Ojs9DHS0sJjMZxOI5NrtsNDSmnhjJjjOI5pj2Bntwq2CgcC8cgzwcdl44WTkHGsrfDNxAmTXLJAaoigSJw0gEiWKoIAAACHIgF8IvnsAylka4ZtBmpxWk4BnmryvB4gEDk4tBQ4UEFQAAA5AFVhUGpV5ZlOQU5TktUUqHIBylpyAqcnIJUEBUqloMXyzlG2cgcdx5cOpjcb3eXp48uHeY+1B4evoY6+llhnJcco6X+oHpq9P3l3Ojh/V5fc7tv6r0nXelaPV9jqaWpjzbLJeAfnYe06/0fV6R1DPRzxsx57V6sAAAAAAAAAAAAAAAAAAAAAAAAAAAAAAAAHNs9tnu91hoYTnLO8R+kvRvRcOk9F0tOY8Z5YzK/xjp76a9Ay6l1nDcZ484aVlfoHS05p6WGE8SSA5MZ28tcEjXwoxx3LOGizsDFIWcJzJQas5SdmpZS4gnPJwzzxW5YDHBezdnLPAIcgCwScqAcndOAUADkQ7gcBzUASi9gTlKtZsoCKcAh5OAE4JyoBKBAOEUAQoBycpycgvJynJyDUpyzyUG+U5ZAaOWVBeU5OU5BeUtQ5AgWs8g3z2ROTkCpl4FvgGtFxb2OfS7OLez9DkHr87+izMf0fCzvm5Zig+H9eemcOp7HLX08P63Cc9o6V1tHPQ1ctPUnGWN4sfp7W0cdXDLHKcyx0z9RPTd2O9y3mjj+hnbbxPAPhAAAAAAAAAAAAAAAAAAAAAAAAAAAAAAHJttHLcbjDSxnNysjjfb/AE09O3q3WcdfUx50tO9+QdsehPT2n0fo+lzjPtMpza+tk7OLb6c0sMccZ2xnDnvgDG927HDhl+nw5qoz8tSdmPlqUEyxceUc1jPtBx43iuTnlx2cVvGgXFnjhyc8s2AkVDgCw4hwnAFIcEA7hycgcJwoAIAIvNQEXhDkBFQE4Uqc0BF5AQOVBOEaiAHKfJwCoIBYeEtQF5GQF5XlnyA0qWnILC3uzyAtQ5LQDukq8gicmVZl7g3PvVJ4AJ5asnDE8uTjsDeEnDh31/qeHNpvE32p/dQeJp41z4492NOeHNjAZuL0XqXo+l1bpupo549+O1e/yjhzxmUsvig/MvVNjqdP32poZ42e2/LxHZ/1N9O8X+n6On475cR1he14AAAAAAAAAAAAAAAAAAAAAAAAAAAABvQ0stfXw08ZzcspH6I+n3p/DpHQtHPPHjUzxlrqn6b+m8usdYw1c8LdLTvPP4x+g9PRx0NLHTwnEnwDWHafhXLJ24ZxnZuKOGz26jm84sZ4/pcty/ogx8txiX9JqA2lX4QGMsU44brPALFZi/IJRrhLATg4KgAv5Jx94CKAgAIFh8AgoDPAWgIqXkBChPIILYAnChwBEOKAnytQAQtqcgAgIHPbnnx5ej6n6s6d0/O6WnlN1r/+Vp39IHvD+D4//tB6j3mXO06bq6OF/wDMwla1N76t0Z7/ALPHUn/DjpdwfXWkr5LT9YbvaZTDqvTdbSl//beJi+i2HU9n1PSmptNfHVnz7b4B5iU54/8AlOfHyC/Cc9kqeAWXutrMvctBMqkvdMu6Y+Qc0qWpzxDkF57ub+44MbbXkf3EFw7S163cX3672GeXs069bP0tW0HLjHNjGMJ2cuMBjOOHKS3h5GbgznNB6/q3TdLqWx1NHUxlmU4fn71J0jU6R1TU0cseMbeY/SN7uuvqZ6d/pO0/pujp85Yd7ZPgHTgZS42y+YAAAAAAAAAAAAAAAAAAAAAAAAAN6Ollr62OnhOcsrxIw+2+m/prPq3V8NxqYc6WnZe4O1/px6fx6T0PT1MseM9STKvr8/Jt9HHQ0MdPGcY4ziGXlRrHw1PDPHZrECTmJl2nDUTOcg4sfLkjEbgNxUgBeGfKr2BgasZAOCAJRQEnZPKgIHAAipQEvgARFATgW1AEDkE4T5a5ZBQAPlUnZQRKvCUETnhpOOQRKqUES2SW5XiTuvF5eg9X9V1On9M+z0Oft9ayY8fdzxQeu6x1fedZ3/8AojpF4w541tafE/CvadJ9MbHpmHOWH22ve91NSc3n82vTPRcOj9NxlnOtqfpZ52d7z3e4svjvQZn6M4k4/Jrm/ellnHHZPN/EHHr7XQ3WFw19LDUl+Mpy+V6r6f1+k6t6l0bPKezvno8/o2fk+u4s8nxxf1Qer6D1vS6ztPdz7dbDtqYXtZXtfF/J8X1TQy9N+oNLqO2xs2+4vt1MMZ292V45fY45TUkzx7y+AaKTulBPlLe5yzQXJJe6d08IOXnsRxzJyY9wcunHNPDj052cnwDx91nxhw8XSx4nLk3OXN4XDH9HgG8Y5IxPDcBM3DlHNk48oDjjg3u1w3m1z0c5LMp8vJ44TjnkH559Z9Dy6R1fU4x4087bHzjvP6g+nJ1PpuWrpY86mHd0fq6Wejq5aec4yxveAwAAAAAAAAAAAAAAAAAAAAAAADl2u3z3W4w0dOc5ZXiR+i/p/wBBx6R0bTmWHGpl3v8AF1f9LvTeXUeqTe6mP9Xo2ZTmeXfWhpY6WljjjOJAcvHH5M5Rvx+TN8KE/VIuPhJ5BqXurjuXFbl5gM2d1i+YkBqKkUE5XhDkFqL5OAZFSwE4XscFBEVAEUoIUARGmaBUVKCFW1ADsIBahbAAAFABKfCoCcIqUEqNM0Ey5mF4nOX3vker7LrO76lNTHaXUw0r+hlz4fXcPA65vsen9L1dfzlJxjJ99B6fD/tJlp9tTKduOOzhy3/Wcb7M957ePPaM+hes7jfaWvst9bjuNL9Ky/db2es2fT9LX9c7rb6upqXT+ymUkzvnkH1nSNTe6unc91rfaT4exzykw91vHby+I65tdx6T3el1DYa2eWhqZzHU088rl5v4vYequraup0TTw6dzdxuZ78ZO/MnkHNr49fuWeWluLNL4vDwtLH1Buc7NLqNz4+7Gdnl+lOqZdV9P3S17ft9Pn7SfMeF6DxmH9MvuzuX22f62XPbkHFv9j1rOY6W76jxzlLJcZ5fTdH0N1ttnMN1qXOydrY+a9b4877Y5XLOf1uE/Ry4/vPs8eJJPieKC89uzNvZblflxZZIL7jljk5Bu1jKqzQJXNp1wOTSvFUeZp+HJnfbi49Pwm4vGn5B4WV9+vXNi49LH+9XNJ35QVuM8ctSAZOOxyZMfIM2M+K5L4YoOHX0Zq6WWFnMs4dFfUHoOXTer56+GHGnqW2dnffHZ8v606Dp9X6VqT2/pydqD8+Dn3u1z2e6z0c5xca4AAAAAAAAAAAAAAAAAAAAAHkbDaam+3mnoac5yyrx3ZP0o9M/07ff07Ww5wwvbkHZ3onoWHReiaWl7ZM7ObX1EnZx6eEwkxniOXhQ+GfhqkBnE47rPKXyDGfauTC8xx6ppZA5eO68ELQTlZWWuQFnCU4BeQ4XsCJxFsTuCcHhagJThalBC1UoIHcAqFOQSxOF5AZsFoCBUBOEqp2BY12YjUBewcLwCItZAvCdinEBmnM48LwgJ+r+PL5D1PqavVupaHSdnnj7u/v79pY+vvivleo4dT23Ustbp3Sdrnlb/AGuWdmWQPQbnY7/0x6k2fUtWy6etlMdWYfdI8rab/R0vXOtuM+2nnt8b7v8Ao5t9vetan2eHUNhtLLf0ffq+G8el7/Vxmp/oza5czzNTkHH6n6hl6gy0+n7HSz9mGc1M9TKduJe/d4216ZuOs9Vym21fbp7LnTw5vHMr22jtusaOnlp6Ww0MMb54z8pt9t1nZc3b7HQ07l3tx1PIPTdN0Nb0p6qu11rlno7uzHmd5Plv0z1bR6Vvt5p7jT1OMs8ssbx55r2W42nWt1qTU1tjoZ5Y+LdTw9f1HS32zxme52W2lt4n9Z3QZ9T7+9Vu21dHQ1fbjr4T9X8X3Onb9ljz8z5fHbfadd3Gjhnp7bSmFnOM+0fSdLx3uG39u+k98+JlyDzsq47V5SghyMgtqxnlYC8NaflJOy4eQeZp3s49zlzxG8PDxrftNxxPEUckxmOBi1qcRnFByRvhMY0DGTDeTHyC/DGU7uSM5QGY49fSmpp3GztY5CzmUHSH1H9P5bXeXeaWH6GV78R8E/RvqTo+n1bpmpo54y5cXh+fuq7HU6fv9XQzx44yvAPDAAAAAAAAAAAAAAAAAAAB5nSthqdR6hpbfTxtuWU/m/SfpDoOHQejaehMeMuJ7q64+kXpf7XWvU9fDtj2x5jubj2zieAXCcd2/hMZ2v3LOyjPC8Cgzwl8tVLOwOPV7xw45e2ubOdni52zIHm4XnE5cWjn2cvHcErWKcRqQFOBOQU4ReOwBwAIUoCVGkBBUBEUBEqoCCpQSgdgRFASs1q8s9wWRYkqgsi8J3XgEsThqxO33gylaQGeyNJe4M9pS37p/FqycMg9b1noe061t7pa+P6c/Vy+585jl6g9N5fZ+zLf7THxfHtj7TjhMpMpxlJlj91gPmdD110y8Y7u/YZfONlvDnz9adCxxtx3kyv7te01+m7Lcz26u207L8zGR4uHp3peln7sdvOZ9/FB6TW9Y62840+k7G6+V7e6Xhdl6b3W/wBxjvOt611MpecNKz9V9PhttDR7aejhjPwxkbvjt8AxjhNLCYYTjHHtDjjyttZqDKLUFSpVZoJ8rKgI5J4bwjjl7OXHwDWeftw5Y2eFyuWdcWvqW2YT5eZpYzT0pIozqd6YRM/LWmDmxi3wuJfCDhzZi5sSg5IXuRrgHFZwlrlyx7OHIHHlhzPwdVfUv0z3/p+hh+9xHbE88PXda6dh1DY6mjnjzzAfmazi8D2/qXpOfSeqamlceMbbw9QAAAAAAAAAAAAAAAAA9h0Ppmp1XqmjtsMbfdlOXr3bH0h9O/aa2XUNbDtO05n4g7Q9MdIw6R0jS0MceLMZy9vfKzjjieInyo18L8FICAUEWXsgDGceJqx5uXh4upAcelqcXh5uN5x5evs4vLydvq/3aDyJ5b8OPnircga5Ss2pyDfK8sc8tSg1BJkvkCooDIqAcIoDPBwtQERUARSwGSl7AJ2Cs2gWpatQCd2pEiwGuOxynKgJYoDNRqxOOwM1GuyWAyipYCVFQGaFQEqVbeGbQS1i1azUEQBUrHPdu+HHZ3BpKkq0RrGuS5TGW3w4sHHuNXn9CA1t5dXX918Tw9l4xeNtMPbhHkXwo473cuEcccuIOSGV7JKXwg8fPymPlrPymM7g3GoknZqAl5cOc7vI5cOcBxzyuc/RGuOcQdd/UH0vjv8AaZbnSx/rMZy6Xzwy087hlOLH6j3e2x3Ohnp5znmWOiPXnp7LpPVM9TDDjT1Lb2ngHyQAAAAAAAAAAAAAAAPO6N07U6r1PR2mnObqZcP016Y6Np9H6TpaOGMl9st/Ph1V9IPT32+8y6hrafOOHFxtd2zGY4yTwB4hC+DFRWuGavwAgAlOex5LAS+HBqea5q4tSA8fKMY245cuSsZSg8zTvux5as5ePoav915My4BniklXnlqAkla4o0CRQBZUvByAJyqcgnBwvKAlTlagJyFieAEvJynIJSl7s2gttZvdb3OKDPC8U4qgRZ2SL5BeEq8koEocncCxOF5S8gl4RUBPDN7tZTlmQE5SrYl7gyl7LWb3BKzeypUGLWbey1iinPY5QgLa48q3XFle4EvZeeXH7u6+4G7n7cHDpY3PV5Y1NTnL2vJ28k4UedpTiRus4dotohJ3ckjGMcgLDLwsiZ+EHDkYFndrAGsY1SRQZcecbyZvgHFXJJ+ixY3gDGWPMfK+tOgafWOm6nGMueM7Prs5/g8fV0pnhcb4sB+Xt7tc9nus9HOcXGuB2H9SfTmW23F32jp/o5X9LieHXgAAAAAAAAAAAADyumbPPfb/AEtvhObllHiuxfpT6cz33U5vtTT509O/IO3fSHRsOj9G0tGYyZe3mvfs4YzHGSTjicNKJViVZAOVQgB5VkFRYUGa4tRyVxZg4MvJZ8mfarj3ncGJ+jlzHlYZe7Hl4tndrT1OMuAeXO7UvDjmXM7NXIGuT3OO5M28g55lOFcOLlgLwcJyvIKlgcggcgJULU5A5Z5WoCcpRQZ4KqcUEqKAcF8qnkFhexwQE5a57IvIJ3X4OQEFSgnCVeKzYAlE5BKlW8MUCsLUoM1i1q1x2oFrFq1milWXsizwCVxZuWuDUoM/LGpqTGHu78/c8LV1ffqcTwDyNPL3XmvP0O/D1+l8PP0PhR52PhWcb+i1PIjeLcjOLeINSM5eG2M/CDivlrFi+W8O4OSeBZ9xQYyYrWTIM2LiZQgNfDGU7Nws7A9D6k6Ph1Tpett7Jblj2r88dV2Gp0/f6uhqY2cZXj/F+n9THmcX5dVfUr0zMtO77Q0+8/W4gOqQssvFAAAAAAAAAAAcu10ctxudPSxnNzykfpX0J0THo/p/b4ZYe3O4T3Olvpz0DPq/XdPUyw509Pvb+MfozS05hp44YziSA5IAoAsBCKzQWoAAjQOPKuPNyZuG0HHlOWZeOzeTi+QclnMceU4rkneM5QG9LV+K5Xh88XmPIw1JZJz3Bv5WTlO8rUgLjHJKxFBs4SUtBeT3M8rIAFSgVlTgEsThTgGUa44TgETlUoJ8qQoJwvHCKBxTgQFPgAIWhz2AiVqM2AVleUBKl4WpYDFStVigzWcqtrGVQSsVtnKA46y1UFPhqeGeOySgZV4+rlXPqPD1su/PIOHX1fs9K/fXi6ffv81jcZ3PU45a0vhB52l8PP0HgaXfh5+j8NDzMb2alccnhyYwRyYuXCOPFy4A1Y4tSuauDVBx/LlwjixndzYwG+Ck7FqDiyT5ayZAy8MSuSzliwGse60xnLkmP3g4Msbk8DqXTsN9tNTQ1MeZlOHtb+Dh1JyD87esfTOr0TfZ5zCzSyvavmX6B9bdBw6t0nUkxlzx7z+DoPdbbU2m4z0dSWZY3iyg4gAAAAAAAFwxuecxnmo+g9HdC1et9Z0sJjbp45S5X8AdxfS/oM6d0XHcZ4cZ6smUv8H31eL07Z47HYaO3w8YYyR5UUUIoJRQEQ5OQEXlAWReEi/AOLU5cGWTm1K8fO9wTnlizu1MktAxy+DK+XHzxU93NBrmvlPVnqqen88b/wCz6u5e3G10b9Tuq/0vq/2GN7YSA7a9LeqtD1Btpnhf0p2sfTzva/NXov1LrdE6npz3X7PO8Wcv0V0zeYb7ZaevheZnOUHlgsBYWrPCKJO7XAsBEq2s2gL3Za+ASoqUE4qNd04BmpezV4S8AzyvwvES0EheRaCReAgEXwcHAIcHCAqWKc8Az7U4a5ZtBmpbeGrwlBisVu+WMp3BjLyxk1l5Zy8IM88Vb3ZpKDOUZ8N5eWbBT4Z4aKDGXfF8v6p6vOlbDU1Jf0vh9PneMbXVH1M6jzq47bDLt35Bn016sz3vULo7iz9K8R97pZSyWfLoXZbrPZ7rDWwvfG8u5PTnVMOp7DDOX9KTioPo9F7DRnaPX6E8PY6PiLEeVPDePlieG8PKjlxcuDixc2PgGr4cOpOXN8OPKcg4sZ3csZk4q3sDaWLj3hQceXDNkclnJNO/KDEamnz3rXEhzQP1TmpxyWzGc2z+INe3ty49TiTm3h6rq/qnp3R9HLPV18fdJ4ldX+oPqxuNbLPS2OEmN7TLmywH3nqf1JsOl7TP7TUxuXHHtl7uhuub/DqPUtXcYY+2ZXnw4uodW3nU9W6m51ss7fvrwwAAAAAAAAa09PLVzmGM5td//TH0tOldKx3Orh/Wavfm/c6V9LY6WXX9rNbj2e/vy/UHTPsv6Bo/Z+JjOOPyB5Xt7cHHDUq8SqMHK2JwAJzweQVABCwS2gd157JKl8A49S142eXd5Gd7PGy45oEqZVOe5newMZMzytyZ93HcHh9d6jh07pmtuMsuPbjy/OfWt9l1Dqetr5XnnK8f4uy/qp13PR0psdLP+05mUdS283lBcMrhnjlPMvL9CfTDqOW99P6eOd5uGMj89O5/o5u/dtNTQ58cfyB2qvCTy18qL8MtICxUigljPC2s8grTMUCs8NJQRLyqUGYticdygnyWE8lBBeD5ATutARU4angBD5W+QRLFAZTjlqs8gzl5S1cvKWAzYxW6xQYyjF7t5MVBixnxWsmQS08lQVUqnwDg18vZpZZX4jor1zuft+u6s55kyru/qef2ex1cvuxv8n5767rXX6tr52885CPXvsvQXV/6PvP6Nnlxjl4fGubZ7nPabnDWwvFxvIP0Vtv0sZfv7vYaPh8t6P6xj1XpuGXPOeM4r6rSlBzy9nJg445MVHLi5sezhwjlgNXvGSpfwATJrHG1uaffuDOHPDUwvHducY+EtoJxIzeV4L//AKoMWLOP8Hib/qm16fpXU3GtjjjPvdZ+p/qtjp3PQ6f347e6cUHYnVOubPpmhlqa2tjOPxdW+pPqnqZ556OwvbxMpXwXVfUfUer6ly3GvbL8Ts9Vzz5B53Uer7zqerdTcauWVv314IAAAAAAAAAAA1p6mWlnM8LZlPFj7n039TOo9KuGjuMvtNKX5718IA/Tfp31x0zrWljxrY4alnjK8PqMM8c8eccplPwfkPab7c7LVmpt9XLDKfdXZHpX6sbnZ+zb9Q/Swnb3820Hel/Isen6L6n6d1rRmpobjHmzxbJXuMbMp27xRLizZw2WcgwndqxmgJSp3A5Zyq81jPLgHHnXj53vXNneXj53uBE1Muye7iOLLK2g08ffbnHbbXPUysntnl5E4k5r4P6jdfmx2GW208uM84DrH1b1bLqvWdXVt5xl4j0a55XPO5XzbyiA7O+je59vUtTR583/AKOsX3P0q3F0vUmGPP63IP0Jj94mP6s/Fee/CirEWQFS1UoM2kABeAA4QQC2M2rUAS1UBA7J8gvPCTnkpL3A+V8HyALwnCgdoUoCB2TjkC1j5a44ZsBKlEvgEYvlvyzQYrFclceSDFYrVYtBKk8rUorXIzGgep9R6n2fSde/s3+T89bzL37rUy++u/PWGXt6HrWfdf5Pz/qXnUtEZAB9f6D69endRx0dTPjTzvzXeO11Jq6WOeNllnl+YdLUy0tTHPG8XG8x3b9OfUF6p02bfUy5z0pJeaD7ife5Max244jWCjmwcvLjwnLnxw+8E8t46fzV7Y+DHm0FnEPK2fB2nafx5BOO3KPF3nVdnscMs9bXxxk8z3R196l+qm12cy0tjffn96DsHd9R2mz07nr62OHH31176p+qW22Uy0dhZnn987x1d1n1h1TrGpldTXyxxv8Adl7PQ3K5Xm3mg951j1b1LrGpldXWymN+JXo7blebeaAAAAAAAAAAAAAAAAAAAPP6Z1vfdJ18dXa6+WFxvxXbHpH6taer7Nt1S+2+Pfa6YJbjeZbL+AP1r0/q+z6lpTPb62OUv3V5z8s9C9XdS6Hr45aOtlcJe8t5dxelvqj0/qWljp73Ux0dXxzlfIOxGbHDt95t95pTU0NSZ435jm5+FGLGa3efmMW8AxeXFqXu5b3cGWNyyBmuHUcuUsrg1KDFvZx89+5lk4/d+kDW518dDbZ6mV4mMtdB+tusXqvWtWzLnDDKyOy/qH1u9P6Tlp6efGefbh0lnnc8rllebUEAAfVfTrUun6p0O/nl8q+i9C5+z1Rtr+IP0xp3nTwv4Nzy4tK86OH7scuKixpFASnKcgi8KAnCKAiLUBCl7ICVLFAZ47pfK1OQUnlOVgLeE+Dngl5BYqRYAi1AGe7VZAvNZXmpzyCJVSgyzWmb5BK4snLXHkg47HHY5KxQYqLQUlVJF4B8960vHQtb8nQOf61d++tf/wADq/k6Cy/WoiAAPovRvXtTo3VcLMuNPO/pR86uOVwymU8yg/Tux3WO72unqYXmZTnl52nj97rz6aeocd5sJtNXP+sw8SuwsMubwo8rHs5MecnFhezllmM75QG5FnEnNvD1XUvUXTel6dy3O5wwv3WutvU31Yx4z0eny3490soOz+odb2PTsLnr6+OPH4uvPU31Z2+jjlo9P4zy8cyuqOp+ouo9U1Llr6+Vl+JbHq7bbzbyg9z1b1T1Pq+pctfcZWX45enyyuV5t5qAAAAAAAAAAAAAAAAAAAAAAAAAC4amenlzhlcbPuQB9V6d9e9U6Hqyfa3U0/mZXl2z0L6odM6lp4Y7jL7PUvbv2fnxcc8sLzjbLAfrLbdR2u7wmejrY5yz4rnl5fmTpPrLqvSrJp6+eWM/u3J2H0H6vaFxmHUsbjfvxloO1snFzY9FsPWnSOpYS6e5k5/4uI9vpbvb62Hu09bC/llFG8r55cGfDeecynbJwZ0HHlJb5cWtljo6WWdvictZc8/D5n1t1idN6Rqe3LjPOWRB1l686zl1Hq2WnMucMLY+Ucm41stfXy1c7zcry4wAAHu/SGXt9R7a/i9I9t6Zy9nXdvf2gfqDb99vp39mfyc+Lxdledpp/uT+TysfCjQclAFl7M89wXgIAicrUAqACcpyUBBPkBKi1AKeCnyCnwfABFThQX4ReQErK0BOUVKCVmtcM0GazWqzQSuPNyVjLwg4azWsozfAM1lqsirFQ5Qeg9ZTnoet+ToDP9ev0J6pw9/Rdafs3+T8+6841sp+KowAAAD3PpfrGp0jq+lrTLjH3fpP0L0zqGlvdlpa+GU74zl+YZeLzH1HTvXXUOndO/omnfyvPgHeu/8AUfTumadutr4Sz45df+pPqvPZnodPnfx7uHWG/wCsb3qOpc9xr5Zc/FrwQew6h1vfdS1bnr6+eXN8e56+23yAAAAAAAAAAAAAAAAAAAAAAAAAAAAAAAAAAAN6evq6V5wzsv5vcbP1d1nZcTS3eck+HpAH3G1+qHVtKSamWWfH317jb/Ve3Gfa6Xf83V4Dte/VPb+2/wBXOfzfFeqPVWt17V47zTnicvnQAAAAB53Rc/Z1XQy/bn83gvJ6bfb1DRv7c/mD9TdLvu2Gjf2J/J50et6Neel6F/Yn8nsp4UaS1YnyChaAFEoJRAAAESqloIhe5x2BKioBU+Wk+QX4Ox8Ek4AX5SKC2dj4D4BLE4OQEABMmGqyDOTLdYsBKxl4arNQcVYybyYyBgKgqzuvCQQeu67h7+l68/Yv8n5432Pt3mpPxfozquPu6frz9i/yfnfquPt6jrT7shHiAKAAAAAAAAAAAAAAAAAAAAAAAAAAAAAAAAAAAAAAAAAAAAAAAAAAAADn2P8Atuj+/P5uBzbO8bvSv7c/mD9R9B//AA+3/cn8ntJe3h6n07l7ui7e/sz+T2+KwOUnlb4MYCnAvIJwzWuWcgOAgCAcAlZqpQTktvAAz3RqoAfKnAL8J8KzQI1GY0Co0lBOyFgCIqAiNM2glYrdZyBx1mt1jJBx5RiuTJx2A48kasZFJWmYqDx9/Pds9Wffjf5Pz36h0vsus7jH9p+iNxPdoZz8K6C9Zaf2fqDcTj+/SI9CAoAAAAAAAAAAAAAAAAAAAAAAAAAAAAAAAAAAAAAAAAAAAAAAAAAAAAOTbf7Vpfvz+bjcm3/2jT/en8wfp/0xeehbe/sx7qPReksvf0DbX9l72eFC3ss8JWp+qAKAzUWsgctMqBS8hQYtZtXKpyBAKCJz3OE47g1Q71eKBfDLTNAaZiwFVPlbQTlKJyAi3wkBWbGmQSxjKN1mg46xk5MnHkg46zlWqxQZrNarIqLEWAzqTnC/k6L+oGn7PUOt+OVd7Zd8a6V+pej7OtXPj9a0R8UAAAAAAAAAAAAAAAAAAAAAAAAAAAAAAAAAAAAAAAAAAAAAAAAAAAAAA3o/2+n+9P5sN6P9th+9Afpr0ZefT23/ACfQPnPRF59Obe/g+ilUPlvns48bzk5AOQKDNRakBTgjQMFis0Gay1UA+AARFT5BeVnc4ALGK0lBI0kaoAQBKcdizk8AnwAAhyAjNVMgcdceTkrjzQceTFbyYoM1mtVkVFgQD4dSfVXR9u90s+PMrtzjh1h9WdLn7HOTtJf5iOrgAAAAAAAAAAAAAAAAAAAAAAAAAAAAAAAAAAAAAAAAAAAAAAAAAAAAAGtL+2w/ejLWl/a4fvQH6W9Cd/TW3/J9I+Y9AZe70zt7+D6a3souE7ts4eGvgBLV5S8AzasgQFORLAKzV+GbQZoAKioAjV8MA3ylIUE5Zq+EBYoAoEBCnJQQXhASgnyCJk0zQYyjjycmTjyiDirGTdnDOXgGKzWqlFZVOCA15fA/VHb+/pP2vH6v/wAvvXyH1J0/d6c1L93Ajo8L5oAAAAAAAAAAAAAAAAAAAAAAAAAAAAAAAAAAAAAAAAAAAAAAAAAAAAA1p/2uP5xlrT/tMfzgP0l9Pp/9r7d9NfD5f6e5e70vt/4vp+Oao5MfDTMnZoEStcM0EXhI0CULQErNi38UoMkAGmflQErPHdqoC8FGaBUXlAah8osBanCoAACclCgifKoAzVSgxWMnJY47AcVcd8uXKOPKIMVlqoKyoAR8x6/07qem9aT8H0/5PUeqdGa/RdbDj+6I/PGXbOz8Ub157dfUn3ZVgAAAAAAAAAAAAAAAAAAAAAAAAAAAAAAAAAAAAAAAAAAAAAAAAAAAABcP7TH84i4fr4/nAfo/6df7q7f+L6qfrPlPp1f/ALU2/wDF9Vj+so5hlZQKzWrWQWLEi2AVlayCVK1UBAUD4TnuvwgHKKgCVeWaCLEWAqsqCggAAJQASoqcgjNatjNBmsZOSsZUHFlXHk5Mo48kGGbWr4Z7CnwABK8DrU93S9b92vP4eN1LGZbDVn7N/kI/N+8nG81Z+1f5uF5nV8Ps+pa2P7V/m8MAAAAAAAAAAAAAAAAAAAAAAAAAAAAAAAAAAAAAAAAAAAAAAAAAAAABcP18fzRcP18fzB+jfpz/ALpbf+L6vCd3yn06/wB09v8AxfWadUbVPlaCVABqQsJFBlKtZ5BL4T4X4PgAFgJwnDSfIIi1AEsXlm0EUAWKyoKioByc8gAioCVlqsgnylVKDNYyaqUHFXHk5a48kHHYzY3b2YopPAnwsBHFusfdt9SffK5WdSc4Zz8KI/PPqfT+y65r4/i9S+g9a6f2fqLXj58AAAAAAAAAAAAAAAAAAAAAAAAAAAAAAAAAAAAAAAAAAAAAAAAAAAABcP18fziLh/aY/nAfo76dzj0nt/4vrMZ2fJ/T3/dPbfxfV+Io1PLVZxWgixFgKVUoM2s1qxmgnyovwCHKnADKgJU4WoCcJk1WbwCKALFZUAVAAAEOQGai1ASs1qs0GUq1KDiyYycmTjyQceTNavhmioqctfAMpl3wy/JbUv6tEdF/UDT9nqDVv3vln2f1L0vs+uW8eXxgAAAAAAAAAAAAAAAAAAAAAAAAAAAAAAAAAAAAAAAAAAAAAAAAAAAADWn/AGmP5xlrS/tcP3oD9H/T+celNtPzfU34fMeg8ePS+2n5vpueao5J4Kcdk5BV4SNQECoCWs8ranIKVAF4VJ3AS1PlU+QLezPLViXgEZrXKUEXkADhQAAASgCKAzylXhKCVmtcs0GazWqzQYyYreTFQceTFbyYoIsTlZRUpe5an93kR1B9U9P29Twv33/o+BdifVbH/vell99/6OuwAAAAAAAAAAAAAAAAAAAAAAAAAAAAAAAAAAAAAAAAAAAAAAAAAAAAGtL+1w/ejLWl/bYfvQH6S9C/7s7b8n0uPl856Hx49M7b8n0mCjaLSAKFASnKUEqFOQIpFBORfCAWMWd26gJ8M3y0nAJYlVLQOAigCKAUUEIgBUqsgFSpQRm+WmaCVmrUvgGKxWqzUHHkxk3kxl4BmLGfhqCl8J+C5eGRHVv1Vw/T0svxv8nWrtL6qafOjpZfjf5OrQAAAAAAAAAAAAAAAAAAAAAAAAAAAAAAAAAAAAAAAAAAAAAAAAAAAAG9Hvr4fvRhybec7nTn7c/mD9KejZcfTe3n3R9Hpx6L0vj7eg7fH9l73Hwo0skZagBSgIUrIF7kROAbROO68AqcqlBCiXwBPCLEoM1OOVAWQqAAKBCgCCoAnAAlZrVZoMpVS+QZqVagOOs1tig48mL4cmTjqDJAgrV8MVv4Yojr36p4f9w08vzdSu3/AKo489Kwv3cuoAAAAAAAAAAAAAAAAAAAAAAAAAAAAAAAAAAAAAAAAAAAAAAAAAAAAAHLtJzu9L9+fzcTyNhPdvtGftz+YP036cx46Pt/3Z/J7nxHq+hz29M2+P7E/k9oosVIoCUTkCs1eUtBGpGVgL4q9qi9gKyvKAJk0zaCQAGaRanIKizuUEDmLyBwACFKgCKgJal8FT4BlKtSgzalOSgy472rdYoMZXsx5bzYQZvYhUnYVr4ZrXPZKI+F+p056PL90rpx3T9StP3dDyv3Sulr5AAAAAAAAAAAAAAAAAAAAAAAAAAAAAAAAAAAAAAAAAAAAAAAAAAAAAeZ0nH3dT0J+3P5vDew6Fj7usaE/an8wfp3pOPGw0P3J/J5/wAvE6bjxstKfsT+Ty+O6jQnc7gcp2AESlTgBYiwFABOyw7IC3wxfLXKWAlPhO6/AIy1ak8gsSnHcoIsSrICwoUEqAAlVKDNRUoMXylW+WaCJVKDFrNasZoOPJn4az7Mc9kGflPlWRW0pyCPkvqHj7vT+r+GNdIZfrX83evr7D3endf8Ma6Kz/Xv5ggAAAAAAAAAAAAAAAAAAAAAAAAAAAAAAAAAAAAAAAAAAAAAAAAAAAD2/pXT+19QbbH9p6h7/wBE4+71Ntp+IP0ttJ7dvpz9mfyc88uPRnGjp/uz+TkUaQAThF4SgiLbweQFifKgFACQ4AEvdL48qlBkq3wyCpwqAHIeARqMrAUtIlBODwFASlQEqVazQYy8pVrIIUqUEsZrVZoOPPuxY5cp2ceSDDNaTsKRUlUR6D1nhM/Tu5n7FdB6s41c5+NfoP1Tj7ugbmfsPz9uJxuNSftUHGAAAAAAAAAAAAAAAAAAAAAAAAAAAAAAAAAAAAAAAAAAAAAAAAAAAA+n+nul9p6q238XzD7L6YaX2nqnRv3cg/RGl+pjPwjfPZnDtjJ+CqKioBylWsUF4lQAUhF8AES3kgKJbV8wEqVWaB2QQF5QKBygAqxmLwCoAInPKpQEVmglZrVrNoM1mrWbQLEUBmo1WQZycOVc2TiqDF8M2NVkUjTK8g9f1/H3dH3E+/F+et7ON5rT9u/zfonq893Tdafsvzx1KcdQ15+3f5iPGAAAAAAAAAAAAAAAAAAAAAAAAAAAAAAAAAAAAAAAAAAAAAAAAAAAAfffSXS9/qPHL7uf5PgXZP0d0+esZ5fdf+gO8sZ4WHPAoByvIM1mtXlnkE4XkAWKkhwBViKAis3kCp2VPkE7HYsTjgFZW05BEW0gLCgCeV47EX4BmsrUoLyzRKAxVtSgzbGeVqcAqACVlqsgzk48nLXHkg4qzW7OGaKzyqXysoPH6hh79nqY/fH556xj7Oqa8/bv836K3U522f5Pzz16cdX3H79/mI9cAAAAAAAAAAAAAAAAAAAAAAAAAAAAAAAAAAAAAAAAAAAAAAAAAAAA7Q+jeH/f9XL8f+jq92t9G8P67Wy/GfyB3L5VmKoogBaytZ5BVSKBKciApygCylofwBELQEtPgQEFZ8gEAFVFAL4VL4Bln5WpQSioDF8hUoM2C1AEKAlrKoDOTFclYsQceTjrkyjjorKyoQE3HfRyn4Pz36jx9vWdeft3+b9Ca39ll+ToD1Vj7eua0/G/zEemAAAAAAAAAAAAAAAAAAAAAAAAAAAAAAAAAAAAAAAAAAAAAAAAAAAAdv8A0b0/6rVz/GfydQO6fo7hP9HamX4wHaMVIqgUS0EsReSUF47EWnwAlDkBDnucwBeUXkGaUtS0BKsv4JQSs8rWQa5IhKDcKk5UA57LxGb2BmpVtZoBUi0GKip8glRagM0KgFSrylBKxfLdYoMZuKuXPvXFkKxe5AQXPvp38nQvrPD2de1Y76s5xro319h7PUGf5QR8wAAAAAAAAAAAAAAAAAAAAAAAAAAAAAAAAAAAAAAAAAAAAAAAAAAAA7t+j0/1VqX8nSTvD6Pzjo+d/IHZUVmNRQThbE4BOyRagN8dhJV5nIFrLVZBCCgcpaoDPKc8rTgDuzWuWaCVPC1kFIsAVeOyRqUEkL4EoM1it1i+QIEigzWbe7VYoFrNrTIM05Ws0F7FQBlKtZoMZTu4snLlXFkKwi1EGvh0p9Rsfb6hy/djuueHTP1Mw9vX+f2II+MAAAAAAAAAAAAAAAAAAAAAAAAAAAAAAAAAAAAAAAAAAAAAAAAAAAAd5/SKcdEv48OjPl3t9JJ/qLn8IDsONSsxYoqU5S0A7IvAC8IoFTucpcoB4VJeQFVJSgljPPdanAHCLazyBUWpyDUTggCwnPKLKC1MlvLNBmxm+VqUApKXwCVitVmglRqJQYyZ5W96AHwzV+AZp8FPgHHk4so5co4sqK47EarPKDUdQ/VHDjrUy/Yjt3l1T9U8ON/hl+E/kDr4AQAAAAAAAAAAAAAAAAAAAAAAAAAAAAAAAAAAAAAAAAAAAAAAAAAAnl3x9Jp/qCflHQ88x319KP8Ad/H8oD76Nd0i8qJC+T5AOBUnICiAjNjV7M8gsCeAFhVSgzac0oCAgFiRrlOaAi80Ai/KKBanK1AZsjNXJmgcCS/ABWPlusUAE5BnJnlrJi+ASryiAtS1WeAZycWTmycWQrisZbrF8oNR1j9VcP09LP8AGT/2dmx119VcP+7aOf7X/QHVwAgAAAAAAAAAAAAAAAAAAAAAAAAAAAAAAAAAAAAAAAAAAAAAAAAABPMd9fSn/d/H8o6FnmO+vpT/ALv4/lAffYtMxVFTg4OQRYi8gByloJUU4BThGgTlLVvZnkE5XlLTkAIUERQAOABYigM1bWb4Bm2M2tM0CQVmgVlpmglRUBnJx2uTJx0VUIWiHwkXlATJxZuSuPMVx1jLy1b2cdvdBqV1/wDVWf8AcNH9/wD6OwI+C+qc56dpX9r/AKA6nAEAAAAAAAAAAAAAAAAAAAAAAAAAAAAAAAAAAAAAAAAAAAAAAAAAAJ5d8fSe/wCoJ+UdDzy71+k1/wBRfwgOwo0zGlADkDsHACcHByUEvYlThQXgTle4JU4W9k5BOF4iWpxQUTuvwBeEkAFSqgEXnugBbGaVAZoWoC1m1qs2AVmqlBkolBnKuOt1iwUl4E57r8AlCpyBXFk5L3ceYOKsVrKsWoLK+I+p2Pu6Vp3jxl/0fa4vkvqLh7+i8/db/IHTYAgAAAAAAAAAAAAAAAAAAAAAAAAAAAAAAAAAAAAAAAAAAAAAAAAAA7z+kt/1Ffyjox3h9I8v9TZT8gdjRv4ZxXlQF5OwJyUqAcAAEWQ57gnC8rygMpY0loESr5LeATulVOAVF54TkC080pwCXytWWcM0ETj5W2M89gSxKVOQXlKvMSgkZqp5Bms2rleGeQSs5LWchUi/DKglLTJmgvw48q3y48gceXDjreTjtQWPmvXmHu6Dn+HL6SV6H1pj7ug634Y0HRt8i5frVBAAAAAAAAAAAAAAAAAAAAAAAAAAAAAAAAAAAAAAAAAAAAAAAAAAB3Z9Irz0nOfk6Td0fSDOf6N1J+QOzp2aY5a5UAQF54TyvCcApyc/BwBygvAL8J3AEPNWzskAvZLeys5dwOYcszFYCnMOCyAeUWIBygAzalvbhq8VmwETtCpxyCl8HBaDN8oVOQZrFbrF8glYrVZoonKpwBaytZtAYya54ceV5Bx5Rit5OOoEr03q6e7oGv8Au17iPUequ/Q9efsUHROfbO/mjWr21cvzZEAAAAAAAAAAAAAAAAAAAAAAAAAAAAAAAAAAAAAAAAAAAAAAAAAAHb30g1p/R9XD8Z/J1C7S+j+p/XauH4z+QO4o0zFUaQi9gPIEAhe58rwBxxE5Xg8AhwXmpwB3RqRKDKctVn5BfKNRm+QJFWAM8LSncGeEvheUs5BJYeU4WQGePuZ8Vb5JwBylOe62gxWa1UBlx3y5HHfIJyla45ZvYVEtEoJWLW7GbIDFt5Zyn3NVm+AcdrjrdvDiyoK9V6lnPRdf92vaS93rfUM56Prz9ioOideca+c/FxuXdTjc6k/acQgAAAAAAAAAAAAAAAAAAAAAAAAAAAAAAAAAAAAAAAAAAAAAAAAAA7H+kWr7eqZ4fff+jrh959KdX2dfmP3/APwDvfGtMY39GNqHBwoCyBDmAC+TgCpyVAa7p3Jkc8gd0sCcgiNWM8AqcdyrAW2HKcADOVW9meeQQKkAPhLU5oJfLPitVkFPKnPAMVlu92bARxZeXJWMpQZMl54S3kVi9meVyQDlm0YyoHblx55QtceXkFvHDiysXO8OHK23sDXPd4HW7z0nXn7FeZOee7xOrznpev8AuVB0VvP9r1f3nC599/tur+84BAAAAAAAAAAAAAAAAAAAAAAAAAAAAAAAAAAAAAAAAAAAAAAAAAAB9p9MLx6l05z974t9P9Pte6PqfQ7+eQfo3DD9CfkvF8M6Wd9mP4yOWZSqM8HF+5yySr7YDi8JzPucvsZuPHwCQ5OLV4BkXiHaAnAvlATudz5UEvZOVyZBpOe6cgLbyM1aCWslvDPILanIAzV8JYcApwvACeEsVLQZsSlrOV7AzlU5S0BnJOeFyZ5FZrFrWdYkt+ATljLvXL7Mvua+x+QePljZHH7eXlZac+axldPCeUHjZ6fNZ+xv3OfLXwnw4ctxle0gJ9nx5r13WcsZ0vXn7Fedffn5ep9R6k0Oj69v/DRHSW+/23V/ergcm4y9+vnl99cYAAAAAAAAAAAAAAAAAAAAAAAAAAAAAAAAAAAAAAAAAAAAAAAAAAD2fp3ezp/WdDcZXiY5PWEvF5gP1R0ff6G/2Wlq6WpjnzjPFew9sfmfofrLqnRc8fstbLLCf3bezsbo31e2+pMcN7jZfvkB2lJ38tyXw+V2nr/ou6441/bfxsj3W265sN1x9nudO/8ANFHsbzPCTK/KYa2nnP0c8b+Va7X8QTsvZeOTiAzcYnsla4OOAT7NPYvNWcgx9mlwrktTmg4rjU4csvdLZz4Bj29k9rk5iWygxwlnDl/RZslBw3HlLi5+IlxgOH2rI5OIWQHFYnDm9s4Z9sBjg4cntkZsnHkHHWK5LJ97Nk+8HDkxxa5MvbE92MBj21fbS6kjF1aC5YVPbJO9ZupbHFlcqK3lljGPtZGLhlz5Jh37g1lr34jF1tSxq4ThjnGd7lP4gzxnn5qZafPlxa3UtpoS/aa2GPH4vT7v1h0zbc860ys+6oj3c04znlpac/Syk/N8D1L6l6OHOO3x5vxeHyHUvWfUt9leNS4S/wDDQdr771DsNnL79fCWfi679XesP9I43b7a2YfN+98jrb3cbi86urll+dcAHkAAAAAAAAAAAAAAAAAAAAAAAAAAAAAAAAAAAAAAAAAAAAAAAAAAAAAAAFxzywvON4ebtutdQ2mUuluc8ePurwQH1uy+o3W9pxLuM85PvyfS9O+sO40+JudOX77zXVoDvzYfVnpGtJ9tqXG344r3u19d9F3fHs3E7/f2fmbmzxWsdXUx8Z5T+IP1Vp9e6bqznHdaf+aPJ0+obXV/U18L/wA0flLDf7rD9XXzn/NXm7f1L1Xa/wBnusp/EH6lmpp5eM8b/Frmfe/Nm2+ofXdvZf6Tbw9vo/Vvq+EkztyB35/EdK7f6ybnH+00Lf4x5+j9ZsLZ79CyfvA7b7eWbxy60w+sOwv62HH/ADPIw+rnSsvNk/5lHYfER8No/VPoufnVxx/i8zS+o3Q9S993hP4g+t4icR87h656Hqf+N0/8XPj6v6Nn43mH+IPdWMcV6ueqOlXxusL/ABWepOmXxuMP8Qez9v4les/7QdO/9Rj/AIr/ANoOnf8An4/4g9inHfy9bfUPTZ/4jD/Fm+pOl497ucP8QezvP3s2W/L1Gfqzo+Pnd4f4uLL1l0ST/bMP8Qe7uP4uK43l6DV9d9E0/wDxWF/i8PV+o3RcPGvhf4g+oywYuPEfGa31Q6Vjf0csb/F4ep9VdjP1cZf4g+/uHE5Z5knd1nufqzhxZp6Nv8Xpd39UOoa0s0pcYg7hy1NOXvnjP4uDV6hstH9fcYT+MdGbj1t1fXt/r7JXqtfq++3GVy1NfK2/iDvfc+qOl7f9bcY38nqt39Q+kaMsx1eb+TpPLX1cv1tTK/xYuVvm0HZ+9+qUnOOhpTKffzY+f3v1D6luOZp5XTl+7J8gA9huuu9Q3eVupuM7z8cvBz1M87zllayAAAAAAAAAAAAAAAAAAAAAAAAAAAAAAAAAAAAAAAAAAAAAAAAAAAAAAAAAAAAAAAAAAAAAAAAAHIAe6z5q/aZzxnl/igDc1tWeNXP/ADVqbrXnjW1P81cQDnm93U/8Rqf56s6hu5/4jU/z144Dyf8ASW8/9Rqf56v+k95/6nU/z14oDyf9I7z/ANRqf56zd/ur53Gp/nrgAct3W4vnW1P81Z+31v8Azc/81YAaurqXzqZf4p78r/ev+KAHN+8AAAAAAAAAAAAAAAAAAAAAAAAAAAAAAAAAAAAAAAAAAAAAAAAAAAAAAAAAAAAAAAAAAAAAAAAAAAAAAAAAAAAAAAAAAAAAAAAAAAAAAAAAAAAAAAAAAAAAAAAAAAAAAAAAAAAAAAAAAAAAAAAAAAAAAAAAAAAAAAAAAAAAAAAAAAAAAAAAAAAAAAAAAAAAAAAAAAAAAAAAAAAAAAAAAAAAAAAAAAAAAAAAAAAAAAAAAAAAAAAAAAAAAAAAAAAAAAAAAAAAAAAAAAAAAAAAAAAAAAAAAAAAAAAAAAAAAAAAAAAAAAAAAAAAAAAAAAAAAAAAAAAAAAAAAAAAAAAAAAAAAAAAAAAAAAAAAAAAAAAAAAAAAAAAAAAAAAAAAAAAAAAAAAAAAAAAAAAAAAAAAAAAAAAAAAAAAAAAAAAAAAAAAAAAAAAAAAAAAAAAAAAAAAAAAAAAAAAAAAAAAAAAAAAAAAAAAAAAAAAAAAAAAAAAAAAAAAAAAAAAAAAAAAAAAAAAAAAAAAAAAAAAAAAAAAAAAAAAAAAAAAAAAAAAAAAAAAAAAAAAAAAAAAAAAAAAAAAAAAAAAAAAAAAAAAAAAAAAAAAAAAAAAAAAAAAAAAAAAAAAAAAAAAAAAAAAAAAAAAAAAAAAAAAAAAAAAAAAAAAAAAAAAAAAAAAAAAAAAAAAAAAAAAAAAAAAAAAAAAAAAAAAAAAAAAAAAAAAAAAAAAAAAAAAAAAAAAAAAAAAAAAAAAAAAAAAAAAAAAAAAAAAAAAAAAAAAAAAAAAAAAAAAAAAAAAAAAAAAAAAAAAAAAAAAAAAAAAAAAAAAAAAAAAAAAAAAAAAAAAAAAAAAAAAAAAAAAAAAAAAAAAAAAAAAAAAAAAAAAAAAAAAAAAAAAAAAAAAAAAAAAAAAAAAAAAAAAAAAAAAAAAAAAAAAAAAAAAAAAAAAAAAAAAAAAAAAAAAAAAAAAAAAAAAAAAAAAAAAAAAAAAAAAAAAAAAAAAAAAAAAAAAAAAAAAAAAAAAAAAAAAAAAAAAAAAAAAAAAAAAAAAAAAAAAAAAAAAAAAAAAAAAAAAAAAAAAAAAAAAAAAAAAAAAAAAAAAAAAAAAAAAAAAAAAAAAAAAAAAAAAAAAAAAAAAAAAAAAAAAAAAAAAAAAAAAAAAAAAAAAAAAAAAAAAAAAAAAAAAAAAAAAAAAAAAAAAAAAAAAAAAAAAAAAAAAAAAAAAAAAAAAAAAAAAAAAAAAAAAAAAAAAAAAAAAAAAAAAAAAAAAAAAAAAAAAAAAAAAAAAAAAAAAAAAAAAAAAAAAAAAAAAAAAAAAAAAAAAAAAAAAAAAAAAAAAAAAAAAAAAAAAAAAAAAAAAAAAAAAAAAAAAAAAAAAAAAAAAAAAAAAAAAAAAAAAAAAAAAAAAAAAAAAAAAAAAAAAAAAAAAAAAAAAAAAAAAAAAAAAAAAAAAAAAAAAAAAAAAAAAAAAAAAAAAAAAAAAAAAAAAAAAAAAAAAAAAAAAAAAAAAAAAAAAAAAAAAAAAAAAAAAAAAAAAAAAAAAAAAAAAAAAAAAAAAAAAAAAAAAAAAAAAAAAAAAAAAAAAAAAAAAAAAAAAAAAAAAAAAAAAAAAAAAAAAAAAAAAAAAAAAAAAAAAAAAAAAAAAAAAAAAAAAAAAAAAAAAAAAAAAAAAAAAAAAAAAAAAAAAAAAAAAAAAAAAAAAAAAAAAAAAAAAAAAAAAAAAAAAAAAAAAAAAAAAAAAAAAAAAAH//Z');
INSERT INTO `usertermekek` (`id`, `kategoriaId`, `ar`, `nev`, `leiras`, `meret`, `imageUrl`) VALUES
(4, 5, 155500, 'pulcsii', 'igen jü', 'L', 'data:image/jpeg;base64,/9j/4AAQSkZJRgABAQAAAQABAAD/4gHYSUNDX1BST0ZJTEUAAQEAAAHIAAAAAAQwAABtbnRyUkdCIFhZWiAH4AABAAEAAAAAAABhY3NwAAAAAAAAAAAAAAAAAAAAAAAAAAAAAAAAAAAAAQAA9tYAAQAAAADTLQAAAAAAAAAAAAAAAAAAAAAAAAAAAAAAAAAAAAAAAAAAAAAAAAAAAAAAAAAAAAAAAAAAAAlkZXNjAAAA8AAAACRyWFlaAAABFAAAABRnWFlaAAABKAAAABRiWFlaAAABPAAAABR3dHB0AAABUAAAABRyVFJDAAABZAAAAChnVFJDAAABZAAAAChiVFJDAAABZAAAAChjcHJ0AAABjAAAADxtbHVjAAAAAAAAAAEAAAAMZW5VUwAAAAgAAAAcAHMAUgBHAEJYWVogAAAAAAAAb6IAADj1AAADkFhZWiAAAAAAAABimQAAt4UAABjaWFlaIAAAAAAAACSgAAAPhAAAts9YWVogAAAAAAAA9tYAAQAAAADTLXBhcmEAAAAAAAQAAAACZmYAAPKnAAANWQAAE9AAAApbAAAAAAAAAABtbHVjAAAAAAAAAAEAAAAMZW5VUwAAACAAAAAcAEcAbwBvAGcAbABlACAASQBuAGMALgAgADIAMAAxADb/2wBDAAoHBwgHBgoICAgLCgoLDhgQDg0NDh0VFhEYIx8lJCIfIiEmKzcvJik0KSEiMEExNDk7Pj4+JS5ESUM8SDc9Pjv/2wBDAQoLCw4NDhwQEBw7KCIoOzs7Ozs7Ozs7Ozs7Ozs7Ozs7Ozs7Ozs7Ozs7Ozs7Ozs7Ozs7Ozs7Ozs7Ozs7Ozs7Ozv/wAARCAWMAyADASIAAhEBAxEB/8QAHAABAQACAwEBAAAAAAAAAAAAAAECAwQFBwYI/8QARhABAAICAQIFAQQGBgcIAwADAAECAxEEBSEGBxIxQVETImFxFDKBkaGxM0JSU2JyFRcjY4KSwRYlJjQ1NkNEJHPwg5Oy/8QAGAEBAQEBAQAAAAAAAAAAAAAAAAECAwT/xAAaEQEBAQEBAQEAAAAAAAAAAAAAARECEiEi/9oADAMBAAIRAxEAPwDxkAAAAAAAAAAAAAAAAAAAAAAAAAAAAAAAAAAAAAAAAAAAAAAAAAAAAAAAAAAAAAAAAAAAAAAAAAAAAAAAAAAAAAAAAAAAAAAAAAAAAAAAAAAAAAAAAAAAAAAAAAAAAAAAAAAAAAAAAAAAAAAAAAAAAAAAAAAAAAAAAAAAAAAAAAAAAAAAAAAAAAAAAAAAAAAAAAAAAAAAAAAAAAAAAAAAAAAAAAAAAAAAAAAAAAAAAAAAAAAAAAAAAAAAAAAAAAAAAAAAAAAAAAAAAAAAAAAAAAAAAAAAAAAAAAAAAAAAAAAAAAAAAAAAAAAAAAAAAAAAAAAAAAAAAAAAAAAAAAAAAAAAAAAAAAAAAAAAAAAAAAAAAAAAAAAAAAAAAAAAAAAAAAAAAAAAAAAAAAAAAAAAAAAAAAAAAAAAAAAAAAAAAAAAAAAAAAAAAAAAAAAAAAAAAAAAAAAAAAAAAAAAAAAAAAAAAAAAAAAAAAAAAAAAAAAAAAAAAAAAAAAAAAAAAAAAAAAAAAAAAAAAAAAAAAAAAAAAAAAAAAAAAAAAAAAAAAAAAAAAAAAAAAAAAAAAAAAAAAAAAAAAAAAAAAAAAAAAAAAAAAAAAAAAAAAAAAAAAAAAAAAAAAAAAAAAAAAAAAAAAAAAAAAAAAAAAAAAAAAAAAAAAAAAAAAAAAAAAAAAAAAAAAAAAAAAAAAAAAAAAAAAAAAAAAAAAAAAAAAAAAAAAAAAAAAAAAAAAAAAAAAAAAAAAAAAAAAAAAAAAAAAAAAAAAAAAAAAAAAAAAAAAAAAAAAAAAAAAAAAAAAAAAAAAAAAAAAAAAAAAAAAAAAAAAAAAAAAAAAAAAAAAAAAAAAAAAAAAAAAAAAAAAAAAAAAAAAAAAAAAAAAAAAAAAAAAAAAAAAAAAAAAAAAAAAAAAAAAAAAAAAAAAAAAAAAAAAAAAAAAAAAAAAAAAAAAAAAAAAAAAAAAAAAAAAAAAAAAAAAAAAAAAAAAAAAAAAAAAAAAAAAAAAAAAAAAAAAAAAAAAAAAAAAAAAAAAAAAAAAAAAAAAAAAAAAAAAAAAAAAAAAAAAAAAAAAAAAAAAAAAAAAAAAAAAAAAAAAAAAAAAAAAAAAAAAAAAAAAAAAAAAAAAAAAAAAAAAAAAAAAAAAAAAAAAAAAAAAAAAAAAAAAAAAAAAAAAAAAAAAAAAAAAAAAAAAAAAAAAAAAAAAAAAAAAAAAAAAAAAAAAAAAAAAAAAAAAAAAAAAAAAAAAAAAAAAAAAAAAAAAAAAAAAAAAAAAAAAAAAAAAAAAAAAAAAAAAAAAAAAAAAAAAAAAAAAAAAAAAAAAAAAAAAAAAAAAAAAAAAAAAAAAAAAAAAAAAAAAAAAAAAAAAAAAAAAAAAAAAAAAAAAAAAAAAAAAAAAAAAAAAAAAAAAAAAAAAAAAAAAAAAAAAAAAAAAAAAAAAAAAAAAAAAAAAAAAAAAAAAAAAAAAAAAAAAAAAAAAAAAAAAAAAAAAAAAAAAAAAAAAAAAAAAAAAAAAAAAAAAAAAAAAAAAAAAAAAAAAAAAAAAAAAAAAAAAAAAAAAAAAAAAAAAAAAAAAAAAAAAAAAAAAAAAAAAAAAAAAAAAAAAAAAAAAAAAAAAAAAAAAAAAAAAAAAAAAAAAHI4fA5PPyxi4+K17T9IBxx6L0Tyr5XKwxn5tox1+YncS73/AFYdJmvppNrTHzF5B46PVOV5SeuJtxssR+EzMvmOpeXfWODafRinLEf2ag+SHJ5PTuXxLTXPgvSY+sOMAAAAAAAAAAAAAAAERMzqHY9P6B1DqV4rg497b+dA641L0nonlTyeRFcnNt6a/Ne8S+qr5Y9FxYtWrbf+YHhg9W6t5X4Lbnh29P03My+B614a5/Rs01zYremPa2uwOnAAAAAAAAAAAAAAAAAAAAAAAAAAAAAAAAAAAAAAAAAAAAAAAAAAAAAAAAAAAAAAAAAAAAAAIiZnURuW7i8PPy8sY8NJtM/SHo/hDy5tmvXkc+vb39M9wfL+G/BnO65yKf7OaYpnvM9nsvhrwTwOi466xxfJ8zMO66f03j8DFXFgxVrER7Q59I18aB0/iDmRxOLGHH93evZwelZ6zj723Mr4txzaaWiJ1EOk4Gecd/eQfa8e8T2cn7Ol+1qxMOp4HJi+u7uKTExsHVdQ8LdK6jjtGXjU3PzFe74nq/lDxs1rX4mSa/SJnT02N/C7B+fuoeWPWeJNppWtqx9O75zl+H+p8O0xl4uTt8+mX6jmPV2mIlxuT03icqk1zcel4n6g/KtsWSk6tS0fnDF+juf5f9E5kTP6LjpafmKuh5PlF07LMzjyTX8qwDw8evZ/Jukb+z5Fv3Q63P5P82J/2eWZ/PQPMx6JPlF1SPa38YYx5R9Vn5/jAPPR6Ri8oefM/wC0yTH5TDscHk7Hb7TkW/dAPJmVcWS/6tJn8oe1cfyj6fi19plm0/jWHecHy/6Hw6x6uPS8x8zUHhHF6D1HmWiMXFyTv59MvpemeWPVuZas5axSs/WdPbuLwOFwq+nDx6ViPo5H2ka7dvyB5/0fyq4XDtW/KtN5j494facLo/A6dSK4cFKzHzEOVNrW+D0TPfcgXyxEaiNOPktN2+cf1Y2pGgaIrGu7Dk9E4fWME4+Tirbce8w3TSfZyuFSa37z2B5b4g8o7TN8vT7/AIxEy+E6l4L6v02ZnJgtaI+axMv01r8NuPn4eHk0mmWkTE/UH5PyYsmK01yUmsx8TDF7z4n8teF1GtsvFpGO/wCEPKut+Cep9I9VrYptSPmO4PmxbVtSdWiYn8UAAAAAAAAAAAAAAAAAAAAAAAAAAAAAAAAAAAAAAAAAAAAAAAAAAAAAAAAAAAAAByuD07k9QzRjwY7XmfpAOLEb9n0Ph3whzuu5qxTHauOZ720+u8NeWc2mmfn+3v6e8PUel9L43TsNcWHFWsRH0B874f8AAnD6Jire1Itl13nT6zjYqY8dfTER9W29d95MUe8Aziv0WCPdl2B1vXccW4M2mnq1L4yb4vtNR9yZehZ8f2mC1J7xMPhepcWvEzXi1Z3vsDmcHJkx2iPVuPq+h4/In0xt8jxsvo1MW2+j4WaL442DuKXi1WcONitGuzfWewM5QidmgCDWgDc/CbNEoIG4SVE2k2Xsxn3BLWmWGrS2ag7QDXXGyjFpntjuQX06PhNykzqALMfTWfdJtMsZ/MGXqiO0Q3cXc23Ljx2czjR93YN6MkkGNoj0y4XI6fx+bhtjzY4tE/VzbezXT2B5r4n8q8HKi2fgRFLz8RDyzrHhjqPR8tq58ForHzp+oLxEQ63qXR+J1HDOPPhraLR9I2D8szGvceueJfKus+rNwJ18+mdy806n0LndKyzTkYbV18zAOuAAAAAAAAAAAAAAAAAAAAAAAAAAAAAAAAAAAAAAAAAAAAAAAAAAAAAAAiJmdRGwGWPFfNeK46zaZ+kO36L4Y5/WM9aYsVorM95mNPWfDfl5wenUrl5FIyZP8UA+A8N+X/M6neuXkUmmL9z1jonhHgdJx1+zxVm0R7zHd3uDj48FIpjrFax8Q3RSIkGFMcViIiI7M4jU7XTKa9gZT3rENc9r7Z0n4kvUF9+8LEsazqNMtAyh0niDp32+Kc1K7mHdR+C2rW8TE94n3gHmlbTTJ6J7Tt3/AE7J6YiJlOudBtXL+k4I7fMQ67h55pb023EwD63DftDlVns6ficiLRG57uyxZNg5cSu2uJ7Mt9gZyxnJSs6lJtpw+XMzbtKwc37Sk/1oY+qsz2l1kTvcbbsf3Z1Np2t5p8cvtv3he39qP3uPOOLR3vMMacaYiZ+1nSZRytV+rH5caceSs79c6cis7rvZYKET3XaCMZ91mWMglrMfVJaWHq7gsykyWiZYzEzOoBccWtfUO0xV9FNNHFwemvqn3cqPqAIbBhknUJSOxed2hlWALMdd2fykwDXasTHeNuq6p4c4HVcU1z4KTMx76dumgeNeJfKy+KLZuBufnTzvn9J5nTss0z4bV186fqe1YmO8uk6x4V6d1jHb7fBXc/1tdwfmYej+JfLDkcWb5uDE3pHfXs+A5XB5PDyzjz4rVmPrAOOAAAAAAAAAAAAAAAAAAAAAAAAAAAAAAAAAAAAAAAAAAAAAAAAM8WDJnvFMVJtafiH2vhry75nUrVy8uk48f4xoHyXB6ZyuoZYpgxTbc/D0nwx5aVmK5+fG/n0zD7ro3hbgdIw1pixVm0R3mY27ymKIjVYiIBwun9K4vT8UY8GKtYj8HPrX6MoozioMYhkujQJBCmgSe09mcT6oY62V+7IJMallE9mUxExthqYkGUdpVIk7gtqxes1tG6z8Oh6n4fjJM5eN2n6Q7+J+hMfIPi8M5uNl9GWs1mHc8bkeqsadnyODh5EferG/q67J0vJgt6sU7gHLx5PbbdF3W1yXrOrxMN320a9wcu1/xdf1PlV4uGclv2Ntc0Wlq5/FjlYPRb9WW+M1K6KOtXpWclq+mPpty+D1yM+DJktHekTpwM3RsOLL6cvKpG/jcuTh6Pgx11j5VNWjU+71bzjnZ03U8QWrPqz09OOfads8fXoyUyzSO1Z+7393E5PROPTFEZuXSabjWplu/wBEcW2GtsPJpHp9+/uz+Vzpnxuv25Nq4orq0zrTt+LyYy0nv3h1GDpWG+T7XFePVT6MulZJpkvSZ3q0uXeNzXeRbu2biXHreJZxMuCtkzDGZ+jHZM7+VEmWPz3XfftG22nHtedzGga4paZ1EOVg42vvWbseCKQ2fAJEaXQAMLzqGW9RuWr9a2wWtfmfls1qpWEme4IABpNKAxmISYZ6SYBrvSt41aIl891vwd0zrFJnJhrFvidPpE947wDwnxJ5acvgWvl4lZvSO+oh8LyeJn4mScebHNZj6v1ZkxUyV1asWj8Y2+Z674H6b1alp+yiuSfmOwPzmPtfEflz1Hpd7ZOPScuP3+7D43LhyYbzTJSazHxIMAAAAAAAAAAAAAAAAAAAAAAAAAAAAAAAAAAAAAAAAAc/p3Reb1PNXHgw2nc++gcGtZtOqxuXe9F8J8/q2SusVq0mfeY0+98MeWmPD6c/UPvW9/TMRL0ThdN4/DpFMWGtYj20D5Xwz4C4fS6VyZqRfJ/ijb7LFgpirFaViIj4htindnqAStdfDOsGliATSxtZSAVdIAaVAAmNgBEzEs9RaNsPdYnUgkxOyJ+GztaGGpiQX2WJYb1LKNSCzG+694/FN6ZbBpycfHk/WiI/JxcvA/sOfrZqY+QdN+i5sdu8ORGO2THEd3ZaifeE9FY9oB89y+hRyrzebTFmH/Zya0/pbb19X0n2cE42trXp85foP2uKKXyWnX4sI6BFfuxlvEfhL6X7LcJPHhNX3XV8XiV4mC1Y7zr3l13DwxTNefraX0n6NHeGmOmY6zM67yl+s264ETpureddoc2vBxxG5htrxscRuIEcCtL2+JbqcS8z39nNila+0L+wGrHx60+O7bERr2FASTZsBjM6S14hh3v7gTabTqPZsrWNMYqym2oBZntpjtNoCqhsFNpB8gonsuwTUE+2lQE19GMxH7WaaBpzYKZsc0yVi0T9Xx/iLy96f1TFa+LHGPJP0jT7aYTWwfnPr/gXqPSL2tGKb44+Yjb5e+O+K3pvWazHxMP1ZyOHi5OOaZsdb1n4l8P4j8tOD1LHfLxaxjye/aAeEjv+ueDup9GyW+0wzake0x3dDNZrOpiYn8QQAAAAAAAAAAAAAAAAAAAAAAAAAAAAAAAACKzadRG5AbePxc3KyxjxUm1p+jvug+DeodYy1n7O1cc+8zD1jw94F6f0nHW18fryfWQfB+GvLrkcu9M3MrNae+ph6n0nw9w+mYa0w4qxr507TDgrjrEVrFY/JyIpEA10xxENla6ZRVloGOpZaWINAi/C6NAgoCbJldICbUTYKSbTYAa2TAHqmJZxeJ92sBnNdsZiY9iLzDKJrPyBF/qyi0Sk1+jGaSDZEruPo0xaYZxkgGzf4EMYtFl2DMTZsGQm02DL3Nb+U3BuAX47m+ybJkF2bYzdPXAM9ptrnJ9GHqtaQbbXiJYTffskUmZbIrqAYVpudy2RX69km0VYTkmQZ2tEezH3Yb2oMhioG1RQX3NTtF3IBvQTAL7hCAp2ADSe3ZSe4MNJMbZ6TQOHzOm8bnYpx58VbxP1h5x4p8rsWf15+nV9Nvf0xD1PSTEe0xsH5b6p0HndJyzTkYbViJ99OtfqLq3h7gdXwWx8jBWdx7xEQ8m8WeWGfh2tn6dWb09/TG5kHmw28ni5uJlnFmpNLROpiWoAAAAAAAAAAAAAAAAAAAAAAAAAAAHZdF6Jyus8uuHBjmdz3kHE4fCz83NXFgxzaZn4h6b4U8t9TTk86Px9L6fwn4I4vR8FcmWkWza95h9jTFERERGogHD4XTcHDxRTDjrWI+kOZWv4M4j4ZRXQMIr2ZxG2WljsCaXQAaBQQXRoE9xdAIaVADQAkoy0mgTSbZaTQIbXSekE7pHuy1K6AreYZxkifeGHpNA2emLR2mGM49MY3tlFrQCTSYI9UNkXifeF3QGHrki7Zqp6IBhNz1svRB6AY+tfWvoX0fiDCbT8JuzZqIN1gGqYmViky2bpCTkiPYErj0zisR3a5yTLHcz7g2zeK+zXbJMp7npBNz8jLS+nYMYVlEHp7gkQuliF0CaNLpdAxhdLoA0igGjQAaRQEVTQMUZ6TQMV1CxC67gx1qfdrvirkia3iJiW3RIPhPFnl7xesYr5cFIpl9+3bbxTrnQOZ0Tl2w8jHMRE9p12l+ptRMPnPFXhTidf4V65KR9pEfdtruD80DtvEPQeR0PqF8GWs6ie0upAAAAAAAAAAAAAAAAAAAAAAABljx2y5K0rG5tOoBzui9H5HWOdTj4KTbc99PefCXhLB0LhU+7E5pjvOnU+XPhWnTuBTmZqRN8kb7x7Pv4roGMV79vb5Zen6Lo2Bo0bTYMkhYIBVRYBBTQIEwsQCC6NAguk0AAAigIKaBFAAXRoE0Lo9IJo0ujQJMJplIAm5UAiT1AB6pJtIaBjv8RlpNAmjSmgIhdLELoGPpWKsohQY6XSqDHRploBIhVAQUBjoZICLoUGOtKKCCgAJsFRJlPUCzJvu12vqCkzYGzbKNJEaIAJjsp+APifH/g/H1ngWy4qROasTMTEPz/y+NficnJgvGppaYfrTJSt6zS3tLwLzP8ADk9M6tPJxV1jyfzB8EAAAAAAAAAAAAAAAAAAAAAA+w8v/Ds9W6pTNeu8eOdvkcWO2XJWlY3My/QHl90GvS+j0vaur5I3+8H1nGwU43HpipGqxHZu0RHZQE0yg0DXKaltmrD09wIghYhQFQBQXQJB8gCoAAAAAAICoACkHyAGgFgIUENKQBoJIANKmgQ0ujXYEPc0sQDGYGRoGOliF0ugIg0q6ATSgAKAAAAAAAACKAAAAADGWTGQSZYTLKWEgmty30pFYYUhsBUAAAD4jb5LzB6HTq3Qslopu+OJmH1rTy8McjjZMVva0aB+Tc+K2DPfFb3rOpa30Pjbpk9N8QZ6+nVbWmYfPAAAAAAAAAAAAAAAAAAAARG50D6jwH0b/SvXsUWrvHS0TZ+heJhrg41cdY1FY1Dzryo6H+j9PnnZKatkjtv83plQWI3pdC7BiuxAZQJWWWgTRpYXQMdJpkaBE2spEAGl0AAAgsoAAAACa7qAGz5TXdkAACoe8GpBTQbA0ooIKAih8Ai67BEgmhQE0vwqAaZEAAACKgKJv51MwvwANefkYeLjnJyMtcdI/rWfP8vx30bj3muHJHJtHvGOwPpB8d/rDrMTNeh8yax/W9UacjjeYHSsuo5OO3E/HLaAfUjjcPqHD6jijJxORTLWfmsuT+fYAAAAAAESVTQMbdyKsvjsQC1jUKJ8goAAoCGt9pCQeQecHRIj0c7HT21Ez+15E/S/jnpleo+Hs0TXc1jf7ofmrLSceW1J94kGIAAAAAAAAAAAAAAAAADmdJ4dud1HDgrG5taHDfdeWHSf03rUZ7V3Wkg9m6Dwq8DpWDBFYjVXaxDXjr6aRH0htgAUBJSABYZRLCGUAyj3Vj8s4BNJLNAY6RSQQ0ACKgCL8AILKQAHyAAQAoAqKRAAqApoANKAAoAACEEkALAgGhQBUUAAAAD5dJ4h8S8foeGKV/2vIvOqY6953+Tl9b6ri6N0rNzMkxrHXcR9Xy/hTouTq3Mv1/q1ZtktMxhpbvFY32n9wNfE8PdW8S5o5vWORkwYJ71w4rTHb8YfT8Lw30jhRE4+JjvP1vWO7td67R2Pw+QaY4fFrHpjjYtfT0uLyehdL5lJpl4WLU/Poh2H1T3nsD4vqHg7ldNtPM6Hyrxevf7K1vuzH5Of4c8VTz7/AKF1Gn2HOp2mto1Fp/B9NrXeJ1P1h8x4u8Ozz8UdR4H+y52DvFq9pt9QfTz7/GvwHReE+uf6Z6bEZfu8jF2yV+e3Z3vv7AAAAAE94DYMdagiFIBZQlIBkAAqe7IENGiQcXnYY5HCzYp9rUmP4PzH4p4P6B4g5WDWorfUP1JasTGvrDwnzb6R+i9Z/SqU1XLMzMg86AAAAAAAAAAAAAAAAAArHqtER8y908qukTxejxyL11OSInbxno3EtzeqYMNY3u8b/e/S/Q+DXp/SsOCsa1XQOfEMoTWoj8FgFEWAYoyliCwsMYZQDKPdnDCGUAyRUBJRQENdgAQASRUkDRoiQARQDQAujQACgAACosAAoAACKAnyoAJKoCgAKkKAAAkzERufaFSYiYmJ9pB8P4w5XE6nzeJxbcnXHpefto18ad5g8TdD43Gx4a8qtaUrFY7fRu5XQOkxjyZ8uG8+mN2+84PSemeH+r8a2bjYbWrW80n7++8A7HF4k6TljVeXFv2N+DrHA5eX7HBni2T4h8ZzOV0/idZnpePpXJvl1Nomt47xDk8Pq3TOl9QrHL6fyOHa06jLlvHpB9tEfGtb9nH5PUOJw7RTkZYpMt+O9MtK3pbdbRusw6OnI6R4h5+TjWmb5MPv6b69uwOZfxB0qmt8qPf6M5650u0TvlRMa9tPnPEMdH6DlwVvxM2SM160iYv9Z07uvhvpdsHr+xy71vXrB81wM/B6b4tzcvjcuP0fPqLViOz7qmSuWkZMc+qtvl8b03/RHP65n6ZXhZa3wam0zePl9jjxVw44x0iYrHaIBmHsAqCggAIsACSaPk+QURQWAgmAWEk9jYJ7vPfNjp36V0P7aK7tSPf9r0Kfbs6Pxdw/03oGfHEbn0g/L8xqZj6DdzMU4eXkxz7xaWkAAAAAAAAAAAAAAAAH3Hld0z9M8QVyWrulKy99iNViI9oeb+UPSfsOm5OXeve09p/Y9J3oDW4NaghZ9gSAhZBixtLNJBjXbNj7ESDOGcMIZ1kGQAMZCQEFAQEAT3WUgD2CZ7gCoAoigKQAAAqKAAAKAAqSAAACewKAAABCpCgAAAxtb01mfpGwfO+NOo143TY4UZYx5OXukWmdafMeA+ZXoXXMnRcnJrmx5a/aVtW2/vWl2WXhf9qfFF45mG0cXjzE4/VWe8/LieKfC9ekcvhdR6Ph1lx5Y+09Me9YBzrxE+Z2KJj/AOtd33ijpfE6j0XPXPSImkeqt4jvGu742/UuTTxbxuqTxsk0jjzW/wByfeXa9U6l1jxHj/Q+n8X7HBb9fLMzW0R+Ug4XhvxJl4ngPNn5F95MfqjHNvwnTpem3p4b8T4OVHMrlrz5r6oi+9eru7Oej15HN4fQaY8leHivvNf0frb9/wCLneKPBPCw9HnkcLHvkYI9WPVe+49gXzIvW9Om2rqa25GKYn/ih9xT+j7e/peW9Xz87qXh7pvq42Sc/Gvjm9ZrPxO5fTx4v5XI9GDBwLRa0d7TW0aBwvDc68w+rRqP1KfzfdTHvL4TwzTNXxtz+RkxXrjzVpFbTWff5fd9oA9+4AAAAABoWZBj8pKywtIMo7smNIZgJskgBZg0szoGMuPzMf2vEyUmN7rP8nI+S0biY+oPy74t4c8Pr3IxzGvvOleh+bfTP0XrX6RWuoyT/wBHngAAAAAAAAAAAAAADfwsE8nmYsMRv1200PpPAnBjm+IsETG4raJB7x4R4EdP6Dx8URqZpEy7qWHHxxhw1pX2iGcgQpCSDJNaIX3BjKTDKY0x2DGUie7KU0DKJbKtcNlQZiGwJhDcyAB8J8gITIAhKAsx3JPkANr8JruDIQBQAVFQFAABQAAVFAEXSAaFTQE+xHsEAAAAAsAAhPesx86VAfO8npPiDJybZOP1icOOfaIpDquq26x0mcf6V1+a0yTrc49933Gvefn4cTqPTeL1Tizx+Vj9VbfT3gHQcfpXW+Vx65sXXovW3esxjj2bf9C+IYncdemJ+dY4dRk6H17wxmnN0jPPI429zhmJtbX5y5nH8fY8dvT1Pp2fiTHvOS0RsHL/ANCeIN7/ANPT/wD64P8AQviHX/rtp/8A8cMq+PvD32c3/TsUT9Js4vI8weBNdcDjZOZefjFaAb7dF6/Wk2nruoiNzM44dbxMvUebzr8Ti+IftLY51aYxR2a5w+JfFV9Zd9P4c+9L11aY/OH1XRuhcPofGjDxa9/m9p3M/tB1lei+IYvE/wCm5tH/AOuH0WCuSmGtct/Xesd7fVs+fzQD8fkAAAAAAF/kDC86q1Ut6pY8jJ6Z19WeCPuxMg3V9lkjsnvIEd5X2I1Hdh6vVbsDLe5JPY+QISWSSDzDzi6dOfptOVWv9HuZn9jxJ+kPMbj/AKR4S5fbc1pL84Xj03tH0kEAAAAAAAAAAAAAAem+UPTYy86/JtXtEdp/a8yiNy968q+nRxehRlmurXmQfe+3Ykj3JAgIkBFQjsC7Sa/RZhPVoGMzohZjfdjvuDKIZwxqygGUKkKAmxABACQAQACFTuQCppdACooAQAoAAACgAoAAAAAAgEooCbFACABQAAAAAHG5HT+Fyo1n4uLJ+dduR+ag6mfDHRrT/wCQw9/8EOVx+kdN4s7w8PDWfrFIcz9qfsAiPTGojUfgsACygAAAAAAAFu0e/YaObmjDx7T86BxJyfbcrUe0OwpXUQ67ptJtE5J95dnHsCyn4KlrRSszP0Bq5GXUemvuyxUmKRtx8NZy5ZvPs5kTqAJQnuAqSqa2DrPEXFryuh8rDaPej8vc/H9lz89PpktH8X6u5WL7fjZMf9qNPzF4r4U8Lr3IxzGt3mf4g6YAAAAAAAAAAAAAG/g4J5HMx4qxubTp+mfDPDrw+icfHFdT6Imf3Pz94K4s8rxNxK63Hrjb9Jcen2eCldaiKxANsLLGPdkCQsovvAMfcPYBdlu8IsewNfq1Kx37sMsTDHHfsDfRm1Vs2ROwZKkAKgkgCE+wL7p8EAHuEdlAT5AFCAFD5ANqhoFAAUADYaBQAAAAAAARJUBBQAAFAAAAAAAAAAAAAAAAAAAAdb1WZvamOPmXZOHyKRbNEyDPh4/s8UfhGnJhhij01W1vRG5BlaYiNzLi5LTnv6a/qtd81s1/TX2crDjjHX8QZ0pGOmiSZ7kAsBpQQACH5881OFPH8RWvrUWiH6Dj308f85eD/tMfIiPpG/2A8jAAAAAAAAAAAAAB6D5S8H9I63OWa7imp291+NR8PMPJ/gfZ8HJyZrqbR7/tenx2gEj3Z/DDbL4BPlYQgC0MZ7M5YWBSEiVAvWJq4d90mXN1uHHzVjuDDFmiZ1tzKz2dPa048m/h2XGyxkpsG/ew+UBdkygACAqoACgMVUAABQgAVFA0dxQA0AKAAAAACKgKnwqAigB8B8ACsWXwAAAAAAAAAAAAAAAAAqAAAEuLMTbLtybODyOXh4lZvkvqQcybRWNz2cPJnnLf0V7uBHUsnPyejFH3fq7bi8eMFYm3e3yDLDhrjrvXdu9oPbunuAsQkQyABAEUA9p28/8ANnixm6HGTXesz/J6A+V8wuLPI8N59Rv01mQfm2fcZZK+nJav0liAAAAAAAAAAAyxV9WWtfrMMXM6Vh+36lhx/W0fzB+gPL7hRxPDeH7uptHd9V8OB0XjV43ScGOvtFY/k7CI7Aw+WcMJ7MokBQAY2hkT7A1wyT2AVhkruGU+5PeAdXyK95bOnZJi80lnyae8w4/Ev6OTqfkHcbGP4rsFNoAoAAKAACKAARCgfApAAKCKGwI91RQAAAAAAAAQVAAABFAVFAAAAAAAAAAAAAAAAAAAPePyCY3P5A4fU+fj6fxpzX/c+NtPL69y97mMW/Z9B13i26hnpiifuRPdzOn8HHxcUVrWN6Bn03p2PhYK1rXvpzvZI7QvuB7rBACoAAAAADrPEmGM/QuTSY3vHLs2rl4ozcXJjn2mugflLqeL7HqOemtavLiu78X8aON4i5VIjt9pLpAAAAAAAAAAAHeeD+NPJ8QcekRvu6N9t5XcT7fxJjtMbiuwe+ceno42OsfFYbYStdViPwZaBrstSyQDNJFmAQnsGgYykLZiDP3SSF+AaMtd1cG1PRmi0fV2Vo3DjZcfyDmYvvUiWU9paOJk9VPTPw3AoigAAKiggACiAoQoBAoCooBoUAAAAAAAABFAAQCUUAAAUAAAAAAAAAAAAAAAAAAACZ1G0ljlt6aA4lq+rPtyKV1LVTvbbkVgGUKi/IAm19wAAAAAAC0brMCwD84+ZPFtx/E2WZjXrmZfIPSvOPj+jrGPJEe9f+rzUAAAAAAAAAAB6h5OcP7Tm5c+v1Z/6PL3tnk7xfsumZM0x+vqf4A9MD5X4BhLFlLD5BnErPsxhlPsCEyAMLMGdmq0g2RLJqpLbE7BJYWruGZPsDi4rfZZtfEudPfu4PJj0zFocrBf144kGakoCgAbAANgBAKBCooCooCooAGwFAAAAAAAAABNKgAACKAKigAAAAAAEBAKioAABtFABAFSQ1GwHE5eXVvTDlWnVZt8Q67f2+ffwDfh3OnJjs044iJ03wDKAANAAqACoAAAKsMVB5L50cT/AGGPka9tR/F449185Mfq6BW+va9XhQAAAAAAAAAAERuYh+hfK/jRi8K4L672pD8+Yo9WalfraH6S8BYfsPCvErrv6IB9HtZSPdZ9gYywn3ZICwy92DKPYA+CZSQY2aLt1mrJ7AxpPdvrLi0n7zkVkGwmCCQac1fVTTHiWmIms/DbaNw04fu5dfUHLNLJrQEQAABsEUUBfgARUAZCR7AKQESCmhQAAAAAAAAAAE0oCAAhAAyAAAAAAAAIAFQACQkBF+EkBA0AfMqR7aBwupZ/sePqJ7zLTwqzGKJn3cTqGf8AS+p1wVntSO7sKarT0wDfSG2rXT2ZwDMIAUD5AAARQCBUAZfDFYB8R5qcb9I8L21Hetol+eX6c8dYIzeGuRExvUTP8H5ktGrTAIAAAAAAAAADfwq+rnYK/XJX+b9OeGsP2HQuLT/A/M3S431PjR/va/zfqHpEenpXHj6UBzJnuSE+wMZYyssdgsM4YQzgA0AMJackbhvlpyQDjVn021Lk1ntDi2/XcjHbcA5FfYY0ZgmuzRMenJEt7XkjYN1e8LEteG3qp+TYCps2mu4L7mjZEgpo0ugD4SSZA2rFQFTa7BRFBVRQAAAAAAAAAAAAQEAIUgFAAAAAAAAAAVFBCVQAAEFQBo5eb7Hh5cv9msuQ6zxBl+y6XaI/rbgHUdHic2XLyL+9rdnd4/fu6zpFIpwqT8zDtKA3U9mcNdZZ7BsiRjE7ZAq/IAAAB8EewKIoIsBAOo8U0+06Byqz/Yn+T8u8mvo5F6/SX6q63T7TpXIr/gt/J+XusY/suqZ6fSwOEAAAAAAAAADm9Gr6urcaP97X+b9RdOrrp+GPpV+YvD1fX1rjR/vK/wA36f4ca4mOPwBvSVj2SQYz7Ncs5a5kGVZZw11Zx7AygRQSWq/dtlhYHCy11LPBaPlc1dtVJ9Ngc2ss6teKdw2wAxmO7NJBxcOT7Pk/Zz225kxt1fNmcXLx5fjbs6T6qRb6wCmwA0eywaAiV2aNAJIkyAIoIyhFiQUAFVFgFAAAAAAAAAAABEZaTQAEAoAAAAAAAAAAAKioAAAAA6XxJb/8alPrZ3TpuvV9c44/EGrgx6ePSPwc6kuFg+7iiHKx2Byay2Q1V7tkAyhlDGGUAyVIUAkAPhY9kWAAACCSAcfn1i3BzRPzSf5PzB4ox/Z+IeXX6XfqLld+Pkj/AAT/ACfmTxnT0eJuZH+8B0QAAAAAAAAAO68I4/tPEHHj/FH836awxrFSPwfmzwRX1eI8H5x/N+lMfbHWPwBnCSsEg1z7NUy22abgtZbKtNW2sgzX2T2Nge7G3sy2xmAaskbhxLRMWc20ONlr3kG7j27alyPlwMN/Rbu5lLRIM1nuHwDg9RxfaY4iPeHMwxNcVaz8RDC1fVeG2Y1oGWj2QBdrCLAAEgxkWWIJ8qiwCxKoAsLCESDJYRQUAAAAAAAAABFQA2AAoAAAAAaAAAAAAAFRUkAAAAFj3dR1ePVmrDt/l1HVJ3yIBpp2iIb6NNf1W6nuDkU9m2stMT2bagzZQxZQDOFSFAIABYRQAAECPcGGeN8e/wDll+avHtPR4o5X+eX6Xy98N/yl+b/MWnp8Ucn/ADyD5QAAAAAAAAAH0ngON+JcH/8AfL9JVjVYfnDy/rvxNhfpCPaAVJFBhb2aLt9nHySDGtm6jj17S30kG0RQElY9yYBhLTkrtvlqvE6BxZju34ckaarR3YVt6bA7KO8K1Yb7htBjSPvM59kr7srewJVWMLAMiAAlFljsCUDQAKAEewCr2YsoBYVIUBQAAAAAAAAAABAAURQAAEUAAAAAAAAAAAAAVDYMo7uk6hO+U7qPd0fM/wDNSCV/VbaNUezZT2ByKS3VaMcN9QbGUMIlsrIMoVFAAAWAgFRUBJAAv/R2/J+dPMyvp8UZ/wDPL9GT+pP5Pzv5oxrxPm/zSD4oAAAAAAAAAH1Xl1G/E+L8n6Nfnfy1p6vE+P8ACJfon6AigDCzRlci3ZxsoNMT3cins4u/vOTS24Bvj2QiewCwTImwSWNu8M5hjMdgcbJXTj37TtyssdnGyRuoN3GzObE7h1OC/pvrbtMc7rANlVt7JXRadgkMon4Yx7LX32DIAElisyAgKCKjIGO1RYAZQix7AqpCgoAAAAAAAAAAAIACggKAAAAAAAAAAAAAAAAIoG9Oj5Xfly7v4dFln1cm07+QZMqe7C0ssMdwcrG31aaN0AyhsrDCsNsAqgAqKAQjKAEWUkEAgFn9WfyfnnzUjXifL/ml+hp9p/J+evNX/wB0Zf8ANIPhwAAAAAAAAAfc+VWL1+I6z9Ky9/h4b5QYvV1uba9qy9yn8AAAY29nHzR2ciWnLHYHDn3bsU7aMm6y2YJiQcyPZUieygAAMZZJINGT2cW3vMOZk7w4d9xYHHndcu3Z8a26utzRPaXYcGN49g5cHyaIBZIJIBkkyJMgkibXYEyQiwCgugQg0oCx7IQDKAAVUhQAAAAAAAAAAQgAUAAAAAAAAAAAAAAAAAARQY3nWOZfP73nvP4u95Norx7T+Docf3r2n8QbYjct+KumFI7+zdSNA2wzqwbKg2Q2V9mFWcAyVFAAAZQiwBLGWUsZBFgIBZ9p/J+efNX/AN0Zf80v0LbtV+e/NWNeJ8v+aQfDgAAAAAAAAA9T8nMEzy8mTX1j+D2X2eY+UHFinT8mbXebf9Hpuu4KJvsoMZa7tsw12gHA5HaUwW7tnJq42K2r6B2dP1WcNOOe2m2PYFE2bBU0p+ANV/Zw8sfLm2jcS4WXtMg1zHqrDsOJX04nBxx6rRDs8cemkQDJfYhZkGO9r7IAu0mRjMgvYRQIZaSFBQAQAFVFgFABYVIUAAAAAAAAAABFAAAAAIAAVFBAAAAAAAUEABF0J+IOL1CfTxrfk6jDEx+12nUp/wBn6fq4OOnsDdjr8ttZYRGoIsDbFu7ZVor3lvqDZVsj2a6tkAyVIUAAFViuwJliTJADKGLKOwJb2l+ffNf/ANzZP80v0Fb5eB+bmL0+IPX/AGpkHn4AAAAAAABEbnQzwV9eelfrIPffK7izh8PxaY16tT/B9x8vn/BeCMHhzixEa3jh38ABCgT7Ndmcyxt3BxORHaZcGZ9N3ZZYjUuty/duDm4r/dhyYns6/j325tZnQM1I7KAnypMAxnvtwOR2tLn27Q63kTMzIMuL97JDtIjUOt4Fd227P5ABiCiAEyxWUgFhUhQWGSQoBIAkKi6BfhBY7gKALEr2YwugUAAAAAAABFAQAFAARQA0ACobAAAAAAAVFgEAAT8An3Bwed960Q0Vq5HJ73aogCfZq33bL9mmJ7g34/dur7tFHIqDbVnDCrOAZwqQoAAKkz2JnTCZBY7yySIUBZnsJIJLw/zhprquO3129xeJeccf944p/Cf5g8wAAAAAAAAc3o+H7fqvHx/W8Q4TvfB2D7fxFxa69skA/RfRMP2HSOPj17Uh2DTxqRj49Kx8Q2gKICsZhkxkGrJXbreTXUu0t3cLk03Eg4mG+pdjitusOo9Xpu7DBk3EA5sSrXE79myJBVmUJgGGT9V13I+XZWj7rr+TX7wN/Tq6rtzo7uNw6+nE5XwBLBZkBElUkEkgIBlCpEMogFgNKCAAfBCESC7WEUFEUDXdUUFAAAAAAAAABBQAAAAAAAAAABJUAAAAAAAT5VN9pBw83fI12js2ZO95a7SDXaezXHu2X01zOpBupDfVx8fdvqDdX2bI9murOI1AMlY7giQZkpvTG1wL2SsTKV7z3bI7AvwQQAJJaWPcFeK+cf8A5/F+U/ze1PFfOOf+8MX5T/MHl4AAAAAAAD7Hy04k8nxHSYj9SYn+L456P5QYfV1fJk17V/6g9vrGqxCgCmgA1KTC7SZBhLjZ43EuTb2acsfdB0+aurN/Gv2Tk17teK2gdnjtuG+JcLBk25dbbBshUgBJ9nFz09VocvXZptTdwbsNdY4ZpXtELMggSgEsZWUAWEZR7ArKGLKAWUVAAADQAoGwUAF9u5shQAAAAAAAAAAAAAAAAAAAAAAIJAEVFAEUBJUkESf1ZZNd7RFZjcA4lv1yYiV1uy6BpyQ067uRka4jcgzpHZurCUrqGcA2UhnMsKzotaAJIs1zcjcg2TZNTMpETttiNAta6ZEAEEmwGMrEKsewJHvO3hvnDk31alfpt7nPaN/g8A82eRGXxFakT+rMwD4EAAAAAAAB6/5N8P8A2WXk6+sfxeQPcfJ/F6ehWv8AW9gejKkKAAAkqgMZarx2bZYWB1/Io40Rpz81ezhzXuDLFOpc3FbbhRGm3FfUg59Z2za8dtw2xOwTTHX3mzXZNdwX2hNsp9mIHwnwvwnwCSgSCrBEMtAQsIoAAAICiKCxBoAUAFABQAAAAAAAAAAAAAAAAAAAAAIJAAAAAA+AkEmdVmfweceKfG9umdcx8PHbt6tW7vQuRkjHgvafiJfnPxtzPt/GGe0W3FcvYHvnTuVHL4ePLE79UbcqXQ+Dck5egYbzPw7209gar95Kx3PeWysAzr7MomIY701ZMsVgG22SIapy7lxpzeqWzH3kG+sttYYUq3RALWGyISIZewAABoWAF2ANXKv9nx733rVZl+aPHPNnmeJeVbe4i86e++Mup16Z0HPlm3pmazEfufmbmci/K5V8953a87kGkAAAAAAAB+gvK/jfYeGqzr9a0y/Pse8P0l4Cx/Z+GMEfXv8AwB9NBJBIAigkioCMJZzDCQackOHav3nOvDj3r3Bx7RqSJZ5Y1DXWdg5eC7lVs4WLs5FbA5NZI92FLM/eQPlJJ90BdJJMoCMtMWUALBDKAICFBANgHwAEBCgfBBJAKJtQURQUAAAAAAAAAAAAAAAAAAAAAAAAAAABAB1vXs/6P0rPfetUn+T8y9Rz25PWMmW07m2Tb9AeYfLtxfDuW1J1M9n50rabcitp95tAP0X4H/8AbXH/ACd9d0Hgef8Aw3g/J31pBhHu2RbUMNw15Mnp+QZZs/ohwcnI9U+7VyuTudbaMW72Bz8W7S52Gns4/Gx6059K6BnWrZEMYZRIMoXYaBFNKBEKbNgCJadUmfpAPLvOPq8U4FOFW2rWmJ7fm8UfZeZXUsnN8RZMdp3GOZrH73xoAAAAAAAALSN3iH6Z8G09Ph3jx/hj+T81cWvr5NK/WX6d8NU+z6Fxq/4K/wAgdqC6AABAASWEskkGuzRkjTkWcfNOgcfPP3HH49pm0915eXVHH4WTdv2g7bHXs2xGmGP2bYArM7b6ezRuIlvp+qCyhJIITKAHuyiGKwCrCMgAAVAAEUA2igoAAALCosAoAAAAAAAAigAAAAAAAAAAAAEiz7ggAAACfCp8QD4DzWz/AGfQJpv3tDwXF/S1/OHs/nFmmvCpTfvMfzeMY/6Sv5wD9FeB7f8AhnBP4O+mdvnfAlt+GcH7X0FrAxvbUODyM0zMxEt2a86lwJmbWBovu93N4eHcxuGvHg3k3p2nFw6+AcjDTTkxERDCtdMwWGUQxhnAMoVIUEUQFEhQVp5V/RxclvpVucfnRvh5I/wg/MvjHL9r4j5Vv95Lo3c+LK+nxDyo/wB5LpgAAAAAAAAcvpNPtOp4K/Wz9PdGp6Olcev+Cv8AJ+Z/D9fV1vjR/jfp3p8a6fgj/d1/kDlG0hYAFSQTSKgJLGWSTAMJcbkezlS4vIntoHU8y3bUNPCtNcmm7kx95xaT6MsA+hxW7Q2zOocTj23SJb977Avq3Zy6dqw4dY+/Dmx+rAJIsoCSigELCQsAyiBQEAAABFAAiBdgAAAoCwiwCgAAAAAIqfIE9glQAAAAAAAAAAAAF90AJAAAAJ99CfIPKPOSJ/Rsc/jH83jlP16/m9n846TPCpb8Y/m8Xr+tH5g/QPl/k9XhnD+19Fkl8h5b54ydApSPh9dMdwce0TbbGuCHI9HdspiBhgw93Px1irXSkQ3R2BlDL4YMo9gZQzhjDKAWFRQUhFANoArDPG8F4/Bml+9JgH5i8a09HiXlR/vJdA+p8w8f2fifP297S+WAAAAAAAAB2vhivq8QcSP8b9N8ONcLDH+CP5PzV4PpN/EvDiP7x+l+LGuLjj6Vj+QNsMoYrAKCAk9kZT7JIIwllLGZBhMuPnciZaM3eJB1HK/XcLJPpyQ5/Kr96JcHl11MTAO14uT/AGcOXWezquJk+7EOxrbVQb6z9+HOj9WHX4p9WSHYR7AkgAgALCwiwCgAAASEwAAoIoAAAAoEKigSsJICyAACAqfJuUBSJEBkIoAAAAAAAAAABsAAJAEUBPlT5B535t8eL9C+017Wh4P8v0J5qU9Xhq3+aH57B7H5TZvtOn5Mf9mP+r0Ka6l5T5R86KcrJx5n9aIj+L12ad9g1ens2Y6pMd2ynsC60u033UGcezKGNfZnEAyhnEdmNYZAKABtAFAAXXwi7B+ffNbi/YeIvV/aiZ/i+Eem+cmLXVcV9f1P+rzIAAAAAAAAH03gDF9p4p4n4Xh+j8Maw0j8Ifnjy2p6vFPH/C8P0RT9Sv5AyiAIAXSAE+ySs+zGwJLCWUsJkGNpaMveG6WjIDr+XDi5KRem3O5EdnGrX1RMA04fuzGnY47bhwJj0305eGewOdx/6SIdh8Ou4vfLDsvgGMhICLtFAVFgF2AABIHundSJAVPkBYg0AHuaACFRQFRQAhQRQATSgCSqSCEIsAsKke6gAAAAAAAAAAEACoAAAIqAPjfM+N+Gb/nD87T7v0V5lxvwzk/OH51n3B9V5e9Qjg+I8HqnVbWiJfoSloviraPmIl+WODybcTmY89Z1NJ2/Svhzmxzui8fNE7n0RE/uB2Xp7bI7Qtu09mIERuWyGFY0zqDZDOGEM6+wMoZMYZfAAAIooCKAgaAeP+c2Hviy69oiP4vI3tXnNjj/AEdjv+MfzeKgAAAAAAAA+38rcfr8SY7fS0Pf6+0PDPKXD6uszf6ae50BmgQALMIBLGVlJBjLCWVmuQSzRdtvZpvIOPnjcOLTtfUuZeNw4s1mLgl8f39s8fZnNZmu2EdpBzeH3yQ7Lvp1nB75HZ+0AkosykgBACqigoABKSsACKCKLAChIIbEBV2gCqkKBCobBRNqAAAkiSAQSgMo91YwyAAAAAAAAAAAAAAAAARQHyHmRG/DWT835yt+tL9G+ZE68N5H5yn3kB7Z5T9X+36XPFvbdqzLxN9l5bdZ/wBHdcrjtP3cuq/xB79MfPwxt79lpaL44tE9rd2Mx3BaxuWdWFfdnUGyPZshhWOzZHsBDJAFBAVYQ+AZIEAKIDzLzmj/ALmpP+Kv83h73Lzmj/uOk/4q/wA3hoAAAAAAAAPTvKDHvm5bfSI/m9orPZ5J5PYfu5smviP5vWaTsGxABdmzYCJKsZBjaWm06Z2abe4JezVvcreWMewExEy42WJiezk6YXruAYUibUYTEQ24/owyV1cHJ4EffdlLr+nx9+XYWBjKKgKCgKAKACKigi/CSoGl0kSyBIJABAAZMV0CgoCooAigAncACQRFlAWGUMY9lgFAAAAAAAAAAAAAAAAFQHxvmZOvDWT84fnWfd+hvNCdeGr/AOaH55n3AcrpnItxeoYc1Z1NbRLikTqdg/Tvh3mxzejcfLvczSNuymHwvlj1D9J6NGObbmmo/g+8mAYezOrXPuzoDfX2ZwwrLP4BRFBUUAPgAFQBU2JIPOPOP/0Cv+erwt7t5xRvw/Wf8dXhIAAAAAAAEe8A9r8oMOunXv8AWP8Aq9IiNWl8F5S010Tf1j/q++mNWBlE7hdJHZlEgmhQEYyymWMg1WaMlm+7jZPaQabW7kW2wlY0DbEJarKvwsxsGiva5mj7+2Vo1YzR92JBv6fH3pc6ZcLp/ebObIIigCigiigfCMk+AEEBfcRQWFYsvcDRpd6ATSMkBF2AC7NdgBRAVU0a0CptZQAmRJASV+EBYWGKgyEgBQAAAAAAAAAAAAAD5AHw3mrbXhu3+aH58+Xuvm5y4p0b7LfebQ8KAAB6T5TdT+y51uNa3a0TOns8Tur83+Cub+heIMNt6iZ1/F+i8OSMlImPaQbJWsST7kA21lsiWqrZEgzIIlQAAAAAAAAeeeb8f+HY/wA9Xgz3vzejfhz/AI6vBAAAAAAACv60fmLT9ev5g/QHlbi9Hhylvrt9peI9cPlPLSuvDGH9r6y/uCxo2kewDISFBGNvZkwkGu3dxcvtLlWcXNIOMtEt7MsfuDbE6tDZ8NMdrt1e8AwyQxv3xNl47Mdf7OQbene1nMcTp0f7OZcsEkhF0AsADIQBkIAIqAaIAFIhFgFBQEAANAL8AAogDKEkgAFSAElZQBI9lQBQBYA2ChtNgoAAAAAAAAAAGwX2hJD4B5L5yXmMOOu+3b+bx17N5x8e1uLTJEdo1/N4yAADldMyzi6jgvE61eP5v0h0Xkxm6Zgyb3ur8z4renLS30mH6A8EZ5z+HeNae/3IB9bWdsmvFM+mGwGUM4a4hnANsKwiWYEKigAAKgAKxkHwHm5/7b/44eBve/Nrf/Zv/jh4IAAAAAAAuP8ApK/nCMsf9JX84B+i/LqNeGMH7X1No7bfM+Xsa8M4PyfUW7wDGvsy7MI7MojuALPYBGEs5YSDXLjZY3tyZce/eJBxL9mWGNJdaT2gGdvdtxy1W7yzrIM7Ne91mFtbsmPvsHK4NfTglvYcaNYPzbNAmlNAAKAqMgQABBJAAAhlDHbKJBQhQQ0diQAAF2kKBtNqxBdsmMMgVFTYCKAMVkBFAFgAARQFQBQSJBQAAARQAAARQHxPmdwf0rw7e1a7msxL88zGpmH6p69xY5fR+Rimu5mlv5PzB1PjW4nUMuG8amttaBxQAK9rQ938uMsZPDeGu+8Vh4Q9i8r+V6ulzj3+rqAel45/g2Q0Yp7bbYkGcM4nswiWUSDOJZw17ZxIM4EiV2ACggqSCTLHaymgfBebX/tqf88PA3vfm528Nf8AHV4IAAAAAAAyxf0tfzhiyxf0tfzgH6P8v+3hnB+T6d8x5fzvwzg/J9ODGY7kFoIBlHdJWJAYsZ9mbCwNVmi3y32nTj2n3BoulffS27pWfkGU+2ytmM27JFuwM7Ttx+Ry68LBbNedRENky+Y8dcyeL0LJMTrcA7zw54nwdXy2wY7RM0l9K8N8qudMdevW1v1pj+b3KJ3ESAGwARQRlCLAAaASUZJMAwnsnqWYYT2BntlEtUWZRYG2FYRKxIMtEmwEWZJYgbWJY70vqgGXwx+SLEyC7ZQw2ygGQgCoAKhHcAABQABD4BTabTYLva+ybJnYMtjHawCgAAAIqAAgJesXx2rPtMTD85eY/AnheKeTMV1W95mH6OeMec3A9POw8mtfeJ3+8HlgAD1Dyrzf7LNSZ+Y/k8vfeeWfI9HMvi3+tP8A0B7PgvuHJpO3Xca0zXTn49g3wyhjWGcQCst6YwoM4llDCJZRIMlRYBElQGOliFAeeecE68OR/nq8Ge6+cdteH6x/jq8KAAAAAAAZY/6Wv5wxWn9JX8wfo7y9/wDbOD9r6l8n5c29XhfDP02+r33AlFQFiVYqBLXdnLCwNN5aLzGm3LOocW1p2DGZ7yV9kjvLL4BjftDVFmeWezRW2pBt95fDeaOX0dJrSJ94/wCr7mI+XmfmvytWwYIn4n+YPlfAvLni+JOPqdRa8bfpDDb1YMdvrWH5W6Xy54XUcPIj+pbb9M+H+bXndIwZotvdI3+4HZ6TuyPkGPc3pUBYlWGlidAyJSFkE2rGe0sqyCSwtDbMMJBq0fLKYYgyiWdZatsq2Bt910xiWWwQ7qaBjLCfdsmJYWiYBjNu5tjZIkGyJZ1lriWUT3BtGO+xAMjcIkguxioMhIAUYkyCzKTZjtJBlNk9TCfzQGe9Mos1+670DZEsmuJZRIM9m0UBU2xmdAymUmWHqYzb8QZ+pPU172bmAb4l5z5xYa36LXLrvEf9XoNbTLzjzh5uOvSqcff3rR7ftB4iAA+s8vcsU63Wszrb5N3HhbkTx+t4bRPyD9B8btEOxx+zruDPqwY7fWIdljBtqzhjVnAC6UBNMoIgiAZL8JCgCgIGgHmnnNf/ALlpH1tX+bw5695zc+Jri4u+86n+LyEAAAAAABa/rR+aEe8A/Qnlhf1+F8cfTb7J8P5UX34crH5/zfcAs90WPZJjQDKGCxILLXZsYWBxs3Zwclu8ubyPaXW5r+mwN2LvG2Xs1Yr9t/DObfPwDTntpqxxvu2Z43GysaqDOJ1H5PGvM3mRyOt/ZxP9HMw9jtaK4rTPxEvBfGeb7bxLy53uIvIOh9nuflR1aeV0iePedzSZeGPVPJzLP6Tlx/Hp/wCoPZI1MDGszEswTRpQGMwjNJgGO2UTtjMEAswROl94Yz2kGze4Y2grLKQaZhjLOzCYBjo3pUmQZ1s21lx96Z0kG9dMY7rAGmNoZykxsGi8aat93IvDj27SDOJZQ1R39mysg2QzhqiWcSDKZY2nsqSCRJthbsVkG2srthCgTKTJMpIG2MySgHeTusR3ZAxWIZelYgEhlBpQWCU2wvfQMrX01zdjMzPsVpMz3BPVtYiZbIxwzjHEA1xRl9m2xEHaAarRGOk2n4jbwPzT61/pDrs8elt1wzNXqHj3xXj6H029KXj7W8aiI/F+e+ZysnN5V8+W02tedzMg0AAOX0vL9j1DFf6WhxGeGfTmpP0tAP0p0PJHI6ZhvH9mHcUiHzngvLGboGC0Tvs+lrAM4hnDCGUAyXUJsBT5IXWwWCU9lgF2qACTOomfoya806xWn8AeAeanUP0vxBNPikTH8Xwr6Px1knJ4m5O/i8vnAAAAAAACPeAj3gHvXlPP/h+P/wC+X3svgvKev/h6J/8A73ffa2CRK+5MJ7AxsRKz3Y+wNnw13ZVlLdwcXPHaXTcq2rO7zRqHS8uu7yCYrz6XIr96ri13WIhzOPHuDC0ersz9P3YZaiLaLT90HB6lk+x6fmv9KT/J+e+r555PU8+WZ36rbe5+LeXPF6Jmt7brMfweBZbevJa31kGL0/ydj/8AOyz/AIf+rzB6v5PYZi2TLr4mP4g9fn27ETrUSV7pePkGw32aYvqdSzi2wZTKx3YTP1PUDPTGanqWLbBjvUrbuswxAidS2+8NLOkgWjs1zDdMMLQDVMMZbO7CYBjMdyJ1Jo0DdS3ZsiXHpMxLdWwM9qkdwGu7Tkjs5Fo7NFwaqz3ZxLVPaWdZ2DbWdtlZaInUttZ2DZtjK7SQar27lZY3n7xE9wbolk1wy2Cyx2ssQF0RCzAELor2WJBQ0swBHcmdJ7MLTMgWyb7QxrWZ91iI+WVfcGVaM4jRCgqC9t6BNfu+XU9e63x+jdPyZst4iYidQ29Z6zxuj8S+bPkisVjfd4F418Zcjr/MtSl5jBWe0RIOu8VeIc/XupXy3vM0iZ9MOiAAAArOrRP4gD3fyu5X6T0KKzO/RD7ysPJ/JznxP23FmfiP5vWo7AHysV7r6fwBIZMdd1jegWGUdkhdAujXZQEWPcPkFn2cfNbeO1frDbe2uzCKeqO4PzV46xzj8S8nfzeXzr7bzR4U8bxHa2tRfc/xfEgAAAAAAFf1o/MXHG8lY/GAfoDytp6PDNJ+u328T3fJeXeP7Pw1gj67fWR7gy0mmWwGGmMxLYxkGMRqVkAac0brLreRije3a3hweTXtIOtyREab8Fo32cTLb7+mzBeIkHKvaIttjNty15bfKYt3t2B8n5jZ/s+hzWJ97Q8Vep+afL9GKnHiffUvLAHt3lHw/s+jzmmPe0vEqx6rRD9G+AeFHE8N4Y1qbdwfTer092XqiYTUTEQlqTvsDGab7wRFoYzN6p9v9YBt9TGYn4SM9GUZqTAMdzCxk0v2lJN0kGyLxJOmHp+krHYArOpNp32DZFltqWERLKIBhMMJ9m+awxmkSDjWSszDkTjiWM44gGPvDKkrNdVaotMWByPVKxLCLbggGyfZptG26Ca7BxLV/BhHZzLY2u2KAaY7y2Y7RtJxzENftYHKS0disxqFt3Bxrd7Hs2WxzE7ac0zEA21uzju4+Ke25bq237A2Qnp7rWJmW30dwa9JPeW70QxtUGGlhJSJBlMptJt3SZBZtMlayypTfu2emAavSzrXTL0roCASdfUFdT13r/F6JxL5s94iddo27OZ+k93jXnDys1OTiwxaYpMT2/aD5fxh4z5XX+TalbzXDE9oj5fJ+4AAAAAAA+y8suozw/EmLHvUZbRD9BUn1Vi31h+XOgcyeB1nj8iP6l9v0z0nP+k9Ow5d/rUif4A50SyYVZxIJNTWmWwEhSAFEUAmYiD2YTuZBIj1SyhdagB4v5y8Oa8vFyNdvTrf7Xlj2/zmwxPRqZdd4tWP4vEAAAAAAAGeGN5qR/ihg28WN8nHH+KAfo3wNT0eHOPH4PpNuj8I09Ph/B+Tu9gziey7YxLKAAQCYTTLaTIMZ1pweTG6y50uLyKzNZB0PI3W0scN9t/LxzG+ziY7atoHJyW9Uab+JXu48fVyMV4pWbfSAeQeZ3L+16x9lv8AVj/q+GfReOOR+keIc877RaYfOg5fSsH6T1LDh1v1W0/TfR+PHH6Vx8cRrWOv8n518H4vtfEfEjW/vv0px41x8UfSkfyBshntioE6lhbDW0M0BxrcWPhhOC0fLmExEg4f2VvqRS8fMuX6Y+iTX8AcWbZKkcm0e7kzTbCcMT8A1/pn1lnHMp8yxni1n4a7cSAciOZX6r+lRPy40ceIZRSY+AcmM0z8J9pbfs1RuPwZRMgynJf4hjOa3zB65Y2sDL9Jj2nsfa45+Wm1Yt7w12wz8SDnVyY/iIZRlr+DgRhtr9ZnXDPzIOb9vWPlj+kVn2aIxRHxLOKa+AZzn/wtduREf1dM9MbUifcGMcqs+86PXiyT2lrtxay1zxJie06By6xET+s3RNY+jr4wXj+sz+zt9QcyctPwYXtit76cb7CZ+UnjW+LA3+nD+DOv2cezifo9/wC02VwzEd5By/tqx7H2247Q01x692yPTAMv0iI96p9vWflhMxPxtpyU3E67SDlRkraPhj6az33p18/aVntZj+kZqzr0zP4g7GaTPtK1pET3cCOTk0yjkWn3B2P2lfiVi+3BjPWGUcm0/q1BzPXP0YWy+n8WmJy3/Bsrin+tIMft5tParL02s2RSI+FkGNceu+3knnRgibcfJEe0Tv8Ae9eiNd9vM/OHjzfpdM2vaP8AqDxAAAAAAAAFx29N4t9H6P8AAXUP0/w9hne/THp/c/N72byh6p9pxLcSZ/V3IPUI7Syjsx+VntAMtm2G12DOJXcNU30kX3PcG+DuwiYZgxmJWI0sgB8EKDz3zfxevw1Foj2vV4I/RHmjj+08LZPwtD87gAAAAAAN3E/81j/zR/NpbONOuRjn/FAP014T/wDQMH+V28x3dJ4Ot6vD3Hn8HezG4BFhj7MoA7p3ZmgYbFmNIBLVljdWxjf2B1fKxbiXUTHpzad/yK9nScuvpy7gGe+8HIyxj4Wa8zrVZaq2mY24HiTlfo3Q894nU+mQeKdey/bdY5Nt7+/Lr2zk5Jy8i9597TtrB9H4F1/2l43+eH6Pxf0NP8sPzL4W5deH1/jZbTqsX7v0rwc1c/CxZKTuJpH8gchU0ABKAy2bYqCpoUElYOxsDSTVltAYTVj6G3smgavT3Jq26NA1eljqG3R6Aa9QTWGfpTQEVZaTckTIMtGpIk33A9Mr6ViVBho9LPRoGv0HobNGgataO7b6U9INfc3LZ6U9Owa9yepsmieiAa5sx7zDfFI+i+j8AcWaTPwn2Mz8OZFI+i+kHDjjM68SHK0sQDTXi1hsjHWvxDIA1Ai6BFiF0oHb2fDeauKMnhi8xH6uv5vuPl8z484v6T4bz1mPaAfmqf1p/MZZY9Oa8fS0sQAAAAAAH2nlp1SeF12uObajJqP4vi3N6Pyp4fVMGaJ16bxMg/U9LeqsT77hnO9adZ0DnV53ScGaJ3ukbdnvfcE0k9ljUz7srViag16iyejUsojRPuDKIZxb4ljSYW1d+wM99j4aY9VZbYn5BSWFrfiwy56Y8c2tbUQD4zzU5VcHhm0TPebRD8+PS/NTxRTqGX9AwW3Ws9/ziXmgAAAAAADPDOs1P80MFpOslZ/EH6V8C29fhrBP4Povh8n5c5/tPDGH9r6sDW0mJhlC62CRLKJY6WIBdRLGasvkBq0xvPZtmGrJOoBxs3d0nUI1aXc5LxqXT9Q7g0Yo9WPb5nxzy4xdEtTf624fTYJ1xrz9Ieb+YfN3jpgif62wefT3kAFpaaWi1Z1MPaPLzxzj5PGpwOVeIvXtEzLxZu4vLzcPPXNhvNbVncaB+r6XrkrE1mJhZju8e8JeaE4vRxupW7e3rmXqPTuucHqWKMnG5FbxP0Bz50aXcWhPwAFNAhtdGgQVdAh7sojZ6QYaNNnpg0DDRpmaBh6TTPQDDR6WelBq9Kabtd01ANej0tmoQGMQyFAiF7IugTRploBjo0yATREKoMdHphkAx0qgJoUBCFASYRkgAAJOzup7gsan8HzXjrmU43h3Na063Dt+odW4nTMFsufNWsRHy8X8wvHlOtb4fDt/so7TMT7g88zW9Wa8/W0sD3kAAAAAAAKzq0THwAP0L5aZ55Hhqm53NdR/B9hMPOfJ7lzl6Vlw/S3/AEekzANE7iWcWmYZTEEfgDGYlJizbEMogHHiLbbYmYhsiIZfsBotMz8Md3cjUJqPoDTq0x3fCeYviS3RuDOHHbWS8aehfg8R848kz1OlN9oiP5A825PIycrPbNktM2tO521AAAAAAAAR2mAB7l5T9Rpm6R+jzP3qR7ftei/Hu/NPhHxRm8O9QrkiZnFM/eh770HxDwutcSuTDljcx3jYO59WlizTMxv3WN/UG5dte5XYM5lGJuQXfZxeRM67N827e7i58tKxO57g4d/Vae3ZwedS2tx7NuTkT65n2h1vP5+6zWuwZUt6eLeIjvMPIfHOW9uqzW3xEPV+DebzEW3qXlHj/X+nrRHt6YB8uAAABEzHtLsOn9c6h028W4/IvGvibTp14D7/AKX5qdS4uo5GskR9IfVdO82+Jl1+kUmv7oeLAP0Vw/MPo/K1/tq1/OztcPijpWX25eP/AJn5irlvT9W0w3U6hy6fq57x+0H6kx9T4mWN1zVmPwlurycFvbJX978w4vEnVcMary8n/M5FfGPWae3Lyf8AMD9Mxmx/F4Z/aUn+tD8008c9br/9q8/8TkU8wut0/wDnmf8AikH6OjJX+1B66/WH54x+ZfWaf19/tlvr5pdXj+z++QfoD1V+p6oeBR5q9Wj4r++Wyvmx1WPelf4g953C7j6vCI82+qf3dP4s483epR/8dP4g90NvDo84Oo/3VP4r/rg6h/dU/iD3Da7eH/64ef8A3VP4r/rh5/8AdU/iD2/aPEo84ud/c0/dK/64ub/dV/dIPbDTxSPOPmf3Nf3SsecfL/ua/ukHtXpXTxX/AFycr+5r+6T/AFycv+5r+6Qe1xCvEv8AXJzP7mv7pP8AXJzv7mn7pB7boeIz5yc7+6p/Fj/rj5/91T+IPcO48Onzj6h8YqfxY/64uo/3VP4g9yNw8Mnzg6l/dU/ixnzf6nP/AMdP4g913H1Nx9Xg0+bnVJ/qU/ixt5tdWn+pX+IPe/VX+1Ceqv1eAT5q9Xn4r++WNvNPrFv7MftkH6B+0r9T7Sn9qH53v5l9at7X1+2Wm3mL1u3/AM0/80g/Rv2uP+3Cfb44/rw/Nt/H3W7/AP2bR/xNU+OOtz/9vJ/zA/Ss8nBHvkr+9rv1Di4+9s1f3vzVbxl1m3vy8n/M038U9XyfrczJ/wAwP0lk8QdMxb9fKxx/xOFn8ZdHwVmZ5eOdfSz835Or8/LO7cnJP/E025fIv+tltP7Qe+c7zR6Rx6WilvXMfSYfI9V84M2SlqcXHNZ+JmIeWTaZ952gO56v4q6n1i0/pGe3p+lZmHTTMz3mdgAAAAAAAAAAD17yWy6jNTfzM/weuS8O8n+X9n1a2Hf60TL3CQY2YsrJoFhmxhlALCgAABPvt4Z5wzvrNf8ALD3KXhfnBH/fVf8ALAPOAAAAAAAAAAH1XgPq/I4XW8OGmSYpe0RMPlXa+Gr+jrvFn/eQD9LYvXfHW3vuG31WiPZj0+fXwcU/WsOTFY+QcectvmEnLMfVyvRX6H2dZ+AcX7afxSctvo5f2dI+GPprHwDg3tlv2iGi3Gved2dpqN+zVftEg6jkYIrSezostYnNqYfTcqI9MvneVXWbYNvGr6bdnj3jqZnr2Tf0excXu8d8c/8Ar2T8gfNgAAAAAAAAAAAAAAAAAAAAAAAAAAAAAAAAAAAAAAAAAAAAAAAAAAAAAAAAAAAAAAA+58qb+nxNWPrSX6AnvL86eWuaMPifHMz7xMP0VHeNglkW0MYBlDNhVsAUAAAR4d5xR/3vWf8ADD3F4j5xxrqlJ/CAeZAAAAAAAAAAOw6FOus8b/8AZDr3YdC/9Z43/wCyAfprpMzbpmD/ACQ53s4PSO3TMH+SHOA2bIXcAxhJhkgMWu8dm2Wq/tIOByv1ZfPc3frfRciN1l0PPrETIMeNbVXj/jed9dyfk9f4/aIl4740tFuuZJgHz4AAAAAAAAAAAAAAAAAAAAAAAAAAAAAAAAAAAAAAAAAAAAAAAAAAAAAAAAAAAAAAAO98HZpw+IePMfNoj+L9M4Z3hrM/R+WehZowdY415nURkr/N+n+ncinJ4WO9LRMTHvAORKbhZ3+xP2AsM4YwzBQNSASaIA08V85aa6hjt+Efye1Trc93jHnHeluRj1aJmNfP4A8qAAAAAAAAAAdh0H/1njf/ALIde7Hw/Hq63xY/3kA/TXSo103B/khzXD6bHp6dgj/BDmAGiFASZJiT4BjLXf2bJa7+wOFn9pfPdT7S+izRvboOqUneoBxMV9YZmfh414my/a9Yyz+M/wA3rfIyxxuLkvee0Q8Y6rljN1DNePabT/MHEAAAAAAAAAAAAAAAAAAAAAAAAAAAAAAAAAAAAAAAAAAAAAAAAAAAAAAAAAAAAAAABaWml4tWdTE7h6B4Y8zuT0jj043Ir9pSsa3My8+Ae44fN3pdqff7T+Ut8ebXRI/rT/yy8HNg95/1udEj+tP/ACyv+t7on1n/AJZeC7Ae8z5vdGj2/wD+ZYW84ekx7Rv9kvCQHtt/OTgxP3McT+9xc3nPjj+j49Z/bLxwB6jyvOTl5Mdq4uPWsz8xaXwHWeu8zrfJnNyck238TLrQAAAAAAAAAAB3XhLF9t4h4tf95DpXb+GOdTp/W+Pnyfq1vEyD9N8Sno4uOv0q3Or6X13gdQ4uO2LkU3Me3qh2UZMf9uJ/aDOFY+qJ+YZRMAJKz2SbV+sAwmGu0bbJvT5vWP2uJyepcPBH+0z0jX1tAJlrqJdF1Ovafhr6r436TwYms5q2nX9WYl571/zHjkevHxK9viZgHM8XdawcXp+Tj1vE5LRrUS8tvb13m0/M7b+bzs3OzTky2mZlxwAAAAAAAAAAAAAAAAAAAAAAAAAAAAAAAAAAAAAAAAAAAAAAAAAAAAAAAAAAAAAAAAAAAAAAAAAAAAAAAAAAAAAAAAc/hdb6h0+Ynjcm+PX0l3GLzA6/i9+blt+dnzAD7TD5n9cxT3y2t+dnKp5tdZr8b/4pfAgPv7ebnWZjtGv+OXFy+aPXMntltX8rPigH0+bzB6/l/wDu5K/lZ1nK8SdW5n9NzMlvzl1YDPJmyZZ3e82n8WAAAAAAAAAAAAAAAAAAAAAAAAAAAAAAAAAAAAAAAAAAAAAAAAAAAAAAAAAAAAAAAAAAAAAAAAAAAAAAAAAAAAAAAAAAAAAAAAAAAAAAAAAAAAAAAAAAAAAAAAAAAAAAAAAAAAAAAAAAAAAAAAAAAAAAAAAAAAAAAAAAAAAAAAAAAAAAAAAAAAAAAAAAAAAAAAAAAAAAAAAAAAAAAAAAAAAAAAAAAAAAAAAAAAAAAAAAAAAAAAAAAAAAAAAAAAAAAAAAAAAAAAAAAAAAAAAAAAAAAAAAAAAAAAAAAAAAAAAAAAAAAAAAAAAAAAAAAAAAAAAAAAAAAAAAAAAAAAAAAAAAAAAAAAAAAAAAAAAAAAAAAAAAAAAAAAAAAAAAAAAAAAAAAAAAAAAAAAAAAAAAAAAAAAAAAAAAAAAAAAAAAAAAAAAAAAAAAAAAAAAAAAAAAAAAAAAAAAAAAAAAAAAAAAAAAAAAAAAAAAAAAAAAAAAAAAAAAAAAAAAAAAAAAAAAAAAAAAAAAAAAAAAAAAAAAAAAAAAAAAAAAAAAAAAAAAAAAAAAAAAAAAAAAAAAAAAAAAAAAAAAAAAAAAAAAAAAAAAAAAAAAAAAAAAAAAAAAAAAAAAAAAAAAAAAAAAAAAAAAAAAAAAAAAAAAAAAAAAAAAAAAAAAAAAAAAAAAAAAAAAAAAAAAAAAAAAAAAAAAAAAAAAAAAAAAAAAAAAAAAAAAAAAAAAAAAAAAAAAAAAAAAAAAAAAAAAAAAAAAAAAAAAAAAAAAAAAAAAAAAAAAAAAAAAAAAAAAAAAAAAAAAAAAAAAAAAAAAAAAAAAAAAAAAAAAAAAAAAAAAAAAAAAAAAAAAAAAAAAAAAAAAAAAAAAAAAAAAAAAAAAAAAAAAAAAAAAAAAAAAAAAAAAAAAAAAAAAAAAAAAAAAAAAAAAAAAAAAAAAAAAAAAAAAAAAAAAAAAAAAAAAAAAAAAAAAAAAAAAAAAAAAAAAAAAAAAAAAAAAAAAAAAAAAAAAAAAAAAAAAAAAAAAAAAAAAAAAAAAAAAAAAAAAAAAAAAAAAAAAAAAAAAAAAAAAAAAAAAAAAAAAAAAAAAAAAAAAAAAAAAAAAAAAAAAAAAAAAAAAAAAAAAAAAAAAAAAAAAAAAAAAAAAAAAAAAAAAAAAAAAAAAAAAAAAAAAAAAAAAAAAAAAAAAAAAAAAAAAAAAAAAAAAAAAAAAAAAAAAAAAAAAAAAAAAAAAAAAAAAAAAAAAAAAAAAAAAAAAAAAAAAAAAAAAAAAAAAAAAAAAAAAAAAAAAAAAAAAAAAAAAAAAAAAAAAAAAAAAAAAAAAAAAAAAAAAAAAAAAAAAAAAAAAAAAAAAAAAAAAAAAAAAAAAAAAAAAAAAAAAAAAAAAAAAAAAAAAAAAAAAAAAAAAAAAAAAAAAAAAAAAAAAAAAAAAAAAAAAAAAAAAAAAAAAAAAAAAAAAAAAAAAAAAAAAAAAAAAAAAAAAAAAAAAAAAAAAAAAAAAAAAAAAAAAAAAAAAAAAAAAAAAAAAAAAAAAAAAAAAAAAAAAAAAAAAAAAAAAAAAAAAAAAAAAAAAAAAAAAAAAAAAAAAAAAAAAAAAAAAAAAAAAAAAAAAAAAAAAAAAAAAAAAAAAAAAAAAAAAAAAAAAAAAAAAAAAAAAAAAAAAAAAAAAAAAAAAAAAAAAAAAAAA/9k='),
(5, 4, 12000, 'polooo', 'ez eleg jo', 'XXL', 'data:image/jpeg;base64,/9j/4AAQSkZJRgABAQAAAQABAAD/4gHYSUNDX1BST0ZJTEUAAQEAAAHIAAAAAAQwAABtbnRyUkdCIFhZWiAH4AABAAEAAAAAAABhY3NwAAAAAAAAAAAAAAAAAAAAAAAAAAAAAAAAAAAAAQAA9tYAAQAAAADTLQAAAAAAAAAAAAAAAAAAAAAAAAAAAAAAAAAAAAAAAAAAAAAAAAAAAAAAAAAAAAAAAAAAAAlkZXNjAAAA8AAAACRyWFlaAAABFAAAABRnWFlaAAABKAAAABRiWFlaAAABPAAAABR3dHB0AAABUAAAABRyVFJDAAABZAAAAChnVFJDAAABZAAAAChiVFJDAAABZAAAAChjcHJ0AAABjAAAADxtbHVjAAAAAAAAAAEAAAAMZW5VUwAAAAgAAAAcAHMAUgBHAEJYWVogAAAAAAAAb6IAADj1AAADkFhZWiAAAAAAAABimQAAt4UAABjaWFlaIAAAAAAAACSgAAAPhAAAts9YWVogAAAAAAAA9tYAAQAAAADTLXBhcmEAAAAAAAQAAAACZmYAAPKnAAANWQAAE9AAAApbAAAAAAAAAABtbHVjAAAAAAAAAAEAAAAMZW5VUwAAACAAAAAcAEcAbwBvAGcAbABlACAASQBuAGMALgAgADIAMAAxADb/2wBDAAoHBwgHBgoICAgLCgoLDhgQDg0NDh0VFhEYIx8lJCIfIiEmKzcvJik0KSEiMEExNDk7Pj4+JS5ESUM8SDc9Pjv/2wBDAQoLCw4NDhwQEBw7KCIoOzs7Ozs7Ozs7Ozs7Ozs7Ozs7Ozs7Ozs7Ozs7Ozs7Ozs7Ozs7Ozs7Ozs7Ozs7Ozs7Ozv/wAARCAWOAyADASIAAhEBAxEB/8QAGQABAQEBAQEAAAAAAAAAAAAAAAECBAMH/8QAKxABAQACAQMDBAICAwEBAAAAAAECEQMEITEyQVESEzNhInEUkSNCgVJE/8QAFAEBAAAAAAAAAAAAAAAAAAAAAP/EABQRAQAAAAAAAAAAAAAAAAAAAAD/2gAMAwEAAhEDEQA/APjIAAAAAAAAAAAAAAAAAAAAAAAAAAAAAAAAAAAAAAAAAAAAAAAAAAAAAAAAAAAAAAAAAAAAAAAAAAAAAAAAAAAAAAAAAAAAAAAAAAAAAAAAAAAAAAAAAAAAAAAAAAAAAAAAAAAAAAAAAAAAAAAAAAAAAAAAAAAAAAAAAAAAAAAAAAAAAAAAAAAAAAAAAAAAAAAAAAAAAAAAAAAAAAAAAAAAAAAAAAAAAAAAAAAAAAAAAAAAAAAAAAAAAAAAAAAAAAAAAAAAAAAAAAAAAAAAAAAAAAAAAAAAAAAAAAAAAAAAAAAAAAAAAAAAAAAAAAAAAAAAAAAAAAAAAAAAAAAAAAAAAAAAAAAAAAAAAAAAAAAAAAAAAAAAAAAAAAAAAAAAAAAAAAAAAAAAAAAAAAAAAAAAAAAAAAAAAAAAAAAAAAAAAAAAAAAAAAAAAAAAAAAAAAAAAAAAAAAAAAAAAAAAAAAAAAAAAAAAAAAAAAAAAAAAAAAAAAAAAAAAAAAAAAAAAAAAAAAAAAAAAAAAAAAAAAAAAAAAAAAAAAAAAAAAAAAAAAAAAAAAAAAAAAAAAAAAAAAAAAAAAAAAAAAAAAAAAAAAAAAAAAAAAAAAAAAAAAAAAAAAAAAAAAAAAAAAAAAAAAAAAAAAAAAAAAAAAAAAAAAAAAAAAAAAAAAAAAAAAAAAAAAAAAAAAAAAAAAAAAAAAAAAAAAAAAAAAAAAAAAAAAAAAAAAAAAAAAAAAAAAAAAAAAAAAAAAAAAAAAAAAAAAAAAAAAAAAAAAAAAAAAAAAAAAAAAAAAAAAAAAAAAAAAAAAAAAAAAAAAAAAAAAAAAAAAAAAAAAAAAAAAAAAAAAAAAAAAAAAAAAAAAAAAAAAAAAAAAAAAAAAAAAAAAAAAAAAAAAAAAAAAAAAAAAAAAAAAAAAAAAAAAAAAAAAAAAAAAAAAAAAAAAAAAAAAAAAAAAAAAAAAAAAAAAAAAAAAAAAAAAAAAAAAAAAAAAAAAAAAAAAAAAAAAAAAAAAAAAAAAAAAAAAAAAAAAAAAAAAAAAAAAAAAAAAAAAAAAAAAAAAAAAAAAAAAAAAAAAAAAAAAAAAAAAAAAAAAAAAAAAAAAAAAAAAAAAAAAAAAAAAAAAAAAAAAAAAAAAAAAAAAAAAAAAAAAAAAAAAAAAAAAAAAAAAAAAAAAAAAAAAAAAAAAAAAAAAAAAAAAAAAAAAAAAAAAAAAAAAAAAAAAAAAAAAAAAAAAAAAAAAAAAAAAAAAAAAAAAAAAAAAAAAAAAAAAAAAAAAAAAAAAAAAAAAAAAAAAAAAAAAAAAAAAAAAAAAAAAAAAAAAAAAAAAAAAAAAAAAAAAAAAAAAAAAAAAAAAAAAAAAAAAAAAAAAAAAAAAAAAAAAAAAAAAAAAAAAAAAAAAAAAAAAAAAAAAAAAAAAAAAAAAAAAAAAAAAAAAAAAAAAAAAAAAAAAAAAAAAAAAAAAAAAAAAAAAAAAAAAAAAAAAAAAAAAAAAAAAAAAAAAAAAAAAAAAAAAAAAAAAAAAAAAAAAAAAAAAAAAAAAAAAAAAAAAAAAAAAAAAAAAAAAAAAAAAAAAAAAAAAAAAAAAAAAAAAAAAAAAAAAAAAAAAAAAAAAAAAAAAAAAAAAAAAAAAAAAAAElt1AB7YdPubyrf2cAcw9708vi6Yy4cp47g8wss8wAAAAAAAAAAAAAAABZhll4gIPbHp/wD6r0+zh8A5R0ZcGN8dnjnx5YefAMgAAAAAAAAAAAAAAAAAAAAAAAAAAAAAAAAAAAAAAAAAAAAAAAAAAAAAAAAAAAAAAAAAAAAABJbdR7cfD75AxhxXO/p0YccxnZqTXhZAZzuppMTkZxoPRYzK1AS445eY88unxvi6ewDly6fKeHncMsb3juTQOEdl48b5jP2MPgHKOi9PL4rP+NfkHiPb/Gy+T/Gy+QeI9v8AGvys6bv3oPA06pwYNTDGeIDkmGWV7R6Y9Pb5unR4AeePDjj+3pqTxAAAANS9qLAeOfTy948suLLH2dgDgHVnw45e3d4Z8WWP7gMAAAAAAAAAAAAAAAAAAAAAAAAAAAAAAAAAAAAAAAAAAAAAAAAAAAAAAAAAAAAAAAsxuV1ICN4cdzv6emHBrvk9pJPAM4ccwjSoCwhFBnPw8uz2vePLKaBqbaecbl2DUqsrPAKAAAAAAmzZQNoAAAAAAAAACzyiwFAATSpAeWfDMu87V4Z8eWHmO1LJfIOEdGfBL3x7PDLDLHzAQAAAAAAAAAAAAAAAAAAAAAAAAAAAAAAAAAAAAAAAAAAAAAAAAAAAAAAAAax48svEe+HFMe970Hlhw3Lve0e+OExnaNAAAL7BAFEigMZ4+7YDwbiZ4a7xJQegkqg0MtAG0qUGkQBdGkAXSAAAAAAAAAA1PCSKAAAAAAAzcZZ3jQDnz6f3xeOWNxurHamWMymrAcQ9s+D3xeNxuPmAAAAAAAAAAAAAAAAAAAAAAAAAAAAAAAAAAAAAAAAAAAAAAAAABrb0w4be97QHnJbe0e2HB75PXHDHGdo0BJJ4AAF0gApoEXyaPAIsAFAAYyw942A8pv3ajVkrP02Aom1AS3SpZuAz9SzLafT+yY68UFmfzD6vP6S4du9X6O3agTPbUu2Zj33sxBoAAAADQCyLoAAAABFAAAAAAAEZywxy8xsBy58FnfHw8rLPLu0zlx45eYDjHpnw3Hx3jz8AAAAAAAAAAAAAAAAAAAAAAAAAAAAAAAAAAAAAAAAAAuONyvaAjWHHll7dnrhwSd8ntJoGMOLHH+2wABZARdFJQFAAABBQTwongCm1TQKJtQAATSWNAM6o0mgYuOz6P23pdA8/o7a2fR+29GgZk1Ekb0n0gC6XQMrpdAJpVQAAAEBQAAAAAAAAAAAEUBGM+LHL27vQBx58WWP7jDu1t558OOXjyDlGs+PLBkAAAAAAAAAAAAAAAAAAAAAAAAAAAAAAAAAAAkt8N4cWWX9PfDjxxB5YcG++T3xxmM7RQAF0CLoUEUAAAQ2uk0BKqGwVKbNgimkAXaANJ4NgG1E0CibUAAAAAAAAAAAAAEBRFBNKAAAAAAAAAAAAAAAAAAAJZL5eOfBL3nZ7gOHLC43vEduWMymrHhycGu+IPELNeQAAAAAAAAAAAAAAAAAAAAAAAAAAAFxxuV1ASS26j3w4ZO+TeHHMJ+2wPALARTSgmlAAAAAAAAAAAEoqaA0imgQAADQLs2mgGk0igaO6gIbU0AAAAAACCgAACWqmgBQAAAAAAAAAAAAAAAAAAAAAAHnycMz/AFXLlhcLqu5nPCZTVBxDWfHcLqsgAAAAAAAAAAAAAAAAAAAAAAAeQXDG55ajqwwmE1E4sJhj+3pICLoUE0qWmwUAAAAAAAAAAAAAAAAAAAAAAAAAAAAAAAAAAAAAAAAAAAAAAAAAAAAAAAAAAAAAAAAAAAGOTD68dOOzV1Xe5uow1fqgPEAAAAAAAAAAAAAAAAAAAAAB68GG79VeUm7p14Y/TjIDcVFAABKjSaAigAAAAAAAAAAAAAAAAAAAAAAAAAAAAAAAAAAAAAAAAAAAAAAAAAAAAAAAAAAAAAACooCCgIznj9WNjQDgs1dD058fpz38vMAAAAAAAAAAAAAAAAAAAAHpw4/Vn/Tqjy4Mfpx38vWAoAAAAAAAAAAAAAAAAAAAAAAAAAAAAAAAAAAAAAAAAAAAAAAAAAAAAM3kwx85QGh5/ew/f+lnLhf+3+wbAAAAAAAAAAAAAAVFAAARUB49RjvHfw5nbnN4VxWaugAAAAAAAAAAAAAAAAAAFwx+rKRHr0+O8tg6J2mmkigAAAAAAAAAAAAAAAAAAAAAAAAAAAAAAAAAAAAAAAAAAAAAAAAAAM5ZzCbq5WYzd9nnhjc8vry/8gGs+Tvlfpx+G8ePDH2aATU+Ilwxy8yNAPK8eWHfC/8Alaw5Jn+rPZt58mG/5Y9soD0GcM/rx37+7QAAAAAAAAAAAAKIoCKAjj5cfpzrsc/UY+KDwAAAAAAAAAAAAAAAAAAdXDj9OEc2E3lI7ZNQFAAAAAAAAAAAAAAAAAAAAAAAAAAAAAAAAAAAAAAAAAAAAAAAAAAAB58s+rWPt7tyyTyzePD3xTHj48puYg9NweN+3Mvp+juuN45l41f2D1BmzDO2XvYDQ8s8ePDW8fLX2sP/AJBMZ9PLdeK9HlMeO5XH6e8eviaAAAUAQVAAAAAAAFAAQArz5sd8deiZTeNgOEXKaysQAAAAAAAAAAAAAAAAHr0+O8tul58GOsN/L1AAAAASqAkUAAAAAAAAAAAAAAAAAAAAAAAAAAAAAAAAAAAAAAAAAAAAAY5LZjqeb2jHFvDK8d/uLZOXk17RnPD7dmWO97Bv/wDRP6a5MZljZXnc596Ze2mss7l/HCefcE4+T/h+q+zOO8OSW/8AY+mfx4p4nmrycUmFst3AXn8Y/wBvV4Z5fVhjfffdv7svaS7oJh+bN6vLj/Nn+3qAoAAAAgAAAAAKAge4AoCAA4+aa5Kw9+pneV4AAAAAAAAAAAAAAAGM3ZB6cOO+T+gdWM1jIoAAAAAAAJPKp7goAAAAAAAAAAAAAAAAAAAAAAAAAAAAAAAAAAAAAAAAAAAMWcm+1x1/TNuc85Y/6eqZYzKaoMa5PnH/AEuuX5x/0zrk4/H8sVnNhe1ur+wXXL84/wCjXJ84/wCl+5hrf1RLzYT/ALb/AKA1yfOP+klz3qZY7/pPq5OTxPpnzW8MJhO3n5BNcnzj/pueO4oAAAACKAgqAJspPAKAAqAAHuAKgPLqJvDfw5XZyTeFjjAAAAAAAAAAAAAAAdHTTta53XwzWEB6AAAAAAAACU2CgAAAAAAAAAAAAAAAAAAAAAAAAAAAAAAAAAAAAAAAAAAAAAJcZfMUBj7WH/yswxniRoAABQAAAAAAAQoXtAZ92mcWgVFQCkTzVAABUVAS+HFlNZWO5x801yUGAAAAAAAAAAAAAAXGbykduM1jHJwzebsAAAAAAAABNnkqA0JKoAAAAAAAAAAAAAAAAAAAAAAAAAAAAAAAAAAAAAAAAAAAAAAAAAKAAAAAAACAM5NJfIEaSACW7LdrAPEAAVFARUAc3UzvK6Y8epn8dg5gAAAAAAAAAAAAAe3TzzXS8eCaw29gAAAAAAAASo0yCxWVlBQAAAAAAAAAAAAAAAAAAAAAAAAAAAAAAAAAAAAAAAAAAAAAFRQAAAAAAAABNgCe6p47gqWp9W/CyASKAAKAACAAPPmm8K9Gc++FBxBfIAAAAAAAAAAAC4TecgOvjmsJG0nhQAAAAAAAAEqgM0xCeQaAAAAAAAAAAAAAAAAAAAAAAAAAAAAAAAAAAAAAAAAAAAAABQAAAAAAABAAAEt1O7ztud7NZzfZccdAY46jQAAoAAAIAAAWdlQHDnNZ1G+aa5KwAAAAAAAAAAA3wzfJGHr083nQdQAAICgAAAlIXwgNAAl8ot8oDQkUAAAAAAAAAAAAAAAAAAAAAAAAAAAAAAAAAAAAAAAAAABUAUAAAAAEAAAAABPdUnlQAAFQBQAEVAAAVFQHL1E/nt5PfqZ3leAAAAAAAAAAAD36adrXg6enn8AewAAAAAAAJfCLfCAsVloEqNJQJ5VlYCgAAAAAAAAAAAAAAAAAAAAAAAAAAAAAAAAAAAAAAAAAAAoAAAIAAAAAAlVkFipFAAAABQAEVAFRQAAePUz+G3K6+eb43IAAAAAAAAAAA7OKa4443bhNYQGgAAAAAAASot8oAsQBoAGVhSAoAAAAAAAAAAAAAAAAAAAAAAAAAAAAAAAAAAAAAAAAAAAKAAgAAAAAAAluokMrvLQDQTwAAAAAoACAAqKAADHLN4VxO7ObxrhvagAAAAAAAAAATzHdPEcWPqjtngFAABkGgAAASo0yAACzwqRQGWkoKJFAAAAAAAAAAAAAAAAAAAAAAAAAAAAAAAAAAAAAAAAAAAVAFRUoAAAAB7UTK6xoMY991pMfSoLFSKAAAAAqAAAKAAACXw4c/XXdfDi5PyZf2DIAAAAAAAAALhN5x3Tw4+L8kdgAADLTILFZaAAAZaSggALFSKAlUBJ5Vm+dtAAAAAAAAAAAAAAAAAAAAAAAAAAAAAAAAAAAAAAAAAAAAAqVUoAAAADOfhpnP2AngIAsVloAAAABUAAUAAAEAcfNNcldrj6j8gPMAAAAAAAAAG+H8kdjk4PW6wAAGWmQFnhFgKAAl8KAyACxWVgKADOSzwXyoAAAAAAAAAAAAAAAAAAAAAAAAAAAAAAAAAAAAAoCAAAAAACoAAAAAzl5bYy8gAANMrAUAAAAAFAABAVABXJ1H5P/AB1uTqPWDyAAAAAAAAAB6cHrdbl4PW6gAAGWmQFnlAGgAAASotQAAGhIoJ7qAAAAAAAAAAAAAAAAAAAAAAAAAAAAAAAAAAAAACgAioAAAAAUAAAAAGcvLTN8gAALEWAoAAAAKCKAAAIACuXqPVHU5ep9UB4gAAAAAAAAA9en9bqcvT+t1AAAMtMgAA0AAAAy0mgQACNMrAUAAAAAAAAAAAAAAAAAAAAAAAAAAAAAAAAAAAAFAAARQEAAAAVAAAAABm+WmfcACALEWAoAAACooAACKgAEBXL1PqjqcvU+qA8QAAAAAAAAAe3TequlzdN5rpAAAZaSggANCRQAAEqp7AgAI1Ga1AUAAAAAAAAAAAAAAAAAAAAAAAAAAAAAAAAAAABUUAAAAEFQAAAAAAAABj3brAKAATyE8g0AAAAqKAAAioAACuXqfVHS5up9UB4gAAAAAAAAA6Omnavd49PNYPYAABKqXwCAAqstTwAAAmlAZFqAeyxGoAAAAAAAAAAAAAAAAAAAAAAAAAAAAAAAAAAAAACgiooAACKgAACooIAAACXwzGqgAABPITyDQAAACooAAIAAAA5up9UdLm6md4DxAAAAAAAAAB18M/hHozxzWE/poAABL4UBkABd9kAXyqTwoAAJ5RfCARpmNAAAAAAAAAAAAAAAAAAAAAAAAAAAAAAAAAAAAAAAAAoigIAAAAAAAAAJUW+UAAAABoAAABUUBFQAABUKA5+p9nQ8Op8QHOAAAAAAAAuPfKI3xTfJAdc8KAAAAAJUq1ASKigNMtAAAlRagLiqRQAAAABKQFAAAAAAAAAAAAAAAAAAAAAAAAAAAAAAAAAAABUAAAAAAAAAEvlAAAAABoAAAAAAAAAAAB4dT4j3eHU+IDnAAAAAAAAenBP+R5vbpvNB0gAAAAAlRpkEqxKQFWIuwUABlpkFigAAACUDyqRQAAAAAAAAAAAAAAAAAAAAAAAAAAAAAAAAAAAAAAAAAAAAAAZAAAABZ5BQABNmwUAAAAAAAB4dT4joc3U3vAeAAAAAAAADo6eax253VwfjB6gAAAAAJfKpQRFQFEUFipFAT3UAAAAAAAAAAAAAAAAAAAAAAAAAAAAAAAAAAAAAAAAAAAAAAAAAAAAAeXJy/TnI9XHzXfLf0DqEx9M/pQAAWCALtAAWCgAAAAAAoADj6i75HXbqbcOd+rO0EAAAAAAAAdfDNcccjtw9MBoAAAAABKqUEAAAAWVAGhIoAAAAAAAAAAAAAAAAAAAAAAAAAAAAAAAAAAAAAAAAAAAAKigIAAAAACVxZ3edv7dud1jf6cPuDsx9E/pUx9E/pQAADaWoDQRYBFAAAAFAAAAB5c+X04OR79Tl308AAAAAAAAAJ5duPpjjx9Uds8AoAAAAACXwqUEAASFICgANMtAAAAAAAAAAAAAAAAAAAAAAAAAAAAAAAAAAAAAAAAAAAAAokAAAAAAAefNdcdcjq57/AMblB2Y+if0qYeif0oCWrWQFiaagDSRQAAFSKACAKigAgOTn/I82+b8lYAAAAAAAABcPXHbPDj4/yT+3ZPAKAACbBRNoDW02gABQZtJSp7g2IoDTK7BRNqAAAAAAAAAAAAAAAAAAAAAAAAAAAAAAAAAAAAAAAAAAACggqAAAAA8uo/G5XV1HocoOvDvhP6aY4bvjjYIKAAQGgAAAFQBQQFAABAcnP+SvN69R63kAAAAAAAADXH+TH+3a4uL8mP8Abs2CptAAAAAA9gAKFBmp7rUoNQSKCgAAAu1ZAaE2oAAAAAAAAAAAAAAAAAAAAAAAAAAAAAAAAAAAAAAAAKgAAAAA8uo/G5XXz/jrkB0dPd4a+Hq8OnvmPcAAAAFipIoAAAABsAAAFRQcvUz+UeL36n2rwAAAAAAAABvh/JHU5uD8jpAAAAAAAAAABmpWqgJGkAaAAAAAAWVAGhJVAAAAAAAAAAAAAAAAAAAAAAAAAAAAAAAAAAAAAABUAAAAAHnzfjrkdnL+OuMHpwXXJ/bpcWN1ZXZjdyUFAABZ5BQAAAAAAABUAAB49R6HM6uo9DlAAAAAAAAB69PP5V0PDp/d7gAAAAAAAAIqAVFqACgEVIoAAAAAACyoA0JKoAAAAAAAAAAAAAAAAAAAAAAAAAAAAAAAAAAAACgCAAAAxy/jrjdnL+OuMB08GW8NfDmenBlrPXyDpAAWeUJ5BoAAAAABUUAAAEB5dR+Nyurn/G5QAAAAAAAAe/T+72ePT+K9gAAAAANAAAGgA0igJ7CpoCKQAAAAAAAAAWIsBQAAAAAAAAAAAAAAAAAAAAACAAAAAAAAAAAAAAACgAgqAxy/jrjdfN+OuQBcbrKVAHbLubGOG7442As8oTyDQAAAAAAAKAAioDy5/wAbldXP+NygAAAAAAAA6OnmsNvV58H449AAAAWQCRQBkL5AAAAAAAIthFBkWxAAAAAAAAAaEigAAAAAAAAAAAAAAAAAAAAAAAAAAAAAAAAAAAAoICoqbB58/wCOuR18/wCOuQAAHv0+XmPf2cnDdZx1ALPKANAAAAAAAAoACKgPPn/HXI6+f8dcgAAAAAAAAOrimuONs4eiNAAsAkUAAAZABFRQAAAAWKmKgJYoDItQBUAAAAAGmVngFAAAAAAAAAAAAAAAAAAAAAAAAAAAAAAAAAABQQAFQAeXUehyunqPQ5gAAMbrKV2zvI4nXx3eEBoAGhFAAABQQUAABAAefN+OuR183465AAAAAAAAAdmHpipj6YoDSRQAAAAZABFAAAAAFx8KkUAACstJQQAAAAABYiwFAAAAAAAAAAAAAAAAAAAAAAAAAAAAAAAAAAAAAAAB5803x1yO3KbxscV7UAAB08N3xuZ0dPf40HqACxUigAAKgCiKACAAA8+b8dcjr5vx1yAAAAAAAAA7MfTFTH0xqAoAAAAAMgAAAAAJbqWjHNdcdB6YZTKNObpsv5WOkAABKqXwCAoIAAAAs8oA0JslBQAAAAAAAAAAAAAAAAAAAAAAAAAAAAAAAAAAAAAHFyzXJXa5uon8pQeIAD26e9q8XrwXvYDoEigLEWAoAAACoAAAAA8+f8dcjq5/x1ygAAAAAAAA7MfTG2OP0xsAAAABL4VL4BAAAAEVAHlz3+Merx6j2BjhuuSOxwS6sruxu8ZQUABL4VL4BAAAAAAAWeQQW7QF2rKygoAAAAAJs2VAaEUAAAAAAAAAAAAAQ2CgAAAAAAAAACb7mwV4dT4lezx6j0wHOAA9OG/zebXHdZwHVFIAsVIoAAAACoACoAGgHl1H43K6eov8HMAAAAAAAADs4vRG3nw+iPQAAAABL4VL4BAQFCAJQoA8Oe/yke7m5vyAw6uC743K6Om9NB7gAJVZAAAAAAAWeUWArLSWAgALtWVgKAAACVFqALPCLKCgAAACUgKAAAAlKAbPBFBO6gAAAAAJs0Bs7mlBNGlARz9RlvLXw988vpx3XHlfqytBAAFx7ZRCeQds8CY3eMagKAAAAAAAAqAKgA5+pveR4PTn9bzAAAAAAAAB18Poejz4fRHoAAAAAlUBlKqUCCLAAUEcvLd8ldV7RyZd8qCOjpvFc7o6f0A9wAS+EWoAAAAAAAsRqeAAASxGkBAAaElUAABlpKCAAsVloAAEpEvkBoSVQAARQAAAAAABDyaUEUABUAN9i1z83N/1xBnm5Pqup4eQAAAAA6uG7449I8enu8bHuAAAAAAAAAAACA5ef1vN69RP5vIAAAAAAAAHXw+iPRjj9EbAAAAAABKzWqgIRKoKgAmd1hXI6ea643MA6un/ABuV18U1hAbPZWQAAAAAAAAWKkUAABL5UBkXRoEWHsAoACVQGRdGgRYgDSXwoDIALFZWAoigAAAAAAigAAAACp4Hjz5XHHt7gzzc2/44vAAAAAAAAevT3Wevl1OLjus5XZPAKAAAAAAAAAAADw6mdpXO6uo9DlAAAAAAAJ5CeQduHpjSY+mKAAAAAAAy0yDNFqApAgPLqL4jwevPd56+HkBJuyO3GaxkcnHN5x2QFZX2QA0AGhUAAANhoF2bTQC7NoAuzaALs2gC7OyAKrPcBo2yAuzZ/wCIC7EAXurIDSIAuv2aQBo2gC7E7IDQzumwUTa7BRDYLsTZoDZ3NKA8epn8ZXs8+ef8dByAAAAAAAAOzju8I43T093hr4B7AAAAAAAAAAAA8+eb465HZy/jrjAAAAAAAJ5CeQd2Ppipj6YoAAAAAACVUvgErLTNBSIb7UHNy3fJWTLvaA3w/kjrcfFdZx2AVFqAAAKgAAAsJ5UAAE0jQDI0mgQXRoEF0gC6NkoGlAAAE0aUBNGlAZGgGVipoDYaNAgujQILpQZXSgJo0oAAAAAxyzeFbZy740HEF80AAAAAAAe3TX+Vjxa48vpzlB2iS9lAABPJpQAAARQAAefNdcdcjo6jLt9LnAAAAAAAJ5AHbh6Y0zx98I0AAAAAAAl8KlBGa0zkAmd1hVnh5ct/gDxAAl1duvizmeP7ci4Z3C7gOwYw5ccp+2wAAAAAAWKk8KAAAAAAAAAACaUAAAAAAAAAAAAAAAAAAAAAAAAAAAEy8VXlzckmOt9wct80AAAAAAAAAHZx3eEbeXBd4PUE2RQBO6gJtQATagDGWX0zdbeHU3sDwzy+rK1AAAAAAAAAB18N3hHo5eHk+m6viumXYKIdwUAAABKrIDNXaWgezx5r2keseXP5gPIAAACXXh6Y89nnu8wHTjzY3303MpfFcZLZ4B2jknJlPdqc+XuDpHh/kX4WdR+gdA8J1EX/ACMQew8vv4fJ97H5B6jz+9h8n3sPkHoPP72Hyv3cPkGxj7uHyfdx+QbGPu4/J93H5BsY+7j8n3MfkGxj7mPyfcx+QbGPuY/J9zH5BsY+7j8r93H5BoY+7j8n3cPkGxj7uPyfdx+QbGPu4fJ93D5Bsef3sPk+9h8g9B5/ew+T72HyD0Hl9/H5P8jEHqPH/IxT/JnwD3HP/k/o/wAn9A6BzXqKzefIHVufLOXJjj7uW8mV92d7B7Z9Rvti8bbbugAAAAAAAAAADp6f017PDpr2r3AAAAAKAAADn6h0OfqfYHgAAAAAAAAAA9uHku/prxb4vyQHUp7KCbNmjQGzZo0BtPK6KDOma3WL5Ajx5vU948Of1A8wAAAAAAAAAAAAAAAAAAAAAAAAANmwA2bADYAAAAAAAAAAAAAAAAAAAAAAAAAAAAAAAAAPfpvNdDl6e/zrqAAAAAAAAAc/UOhz9T4B4AAAAAAAAAANcXrjLXH64DtAAAAAASqlBGK2xQWPDm9T2jx5vUDzAAAAAAAAAAAAAAAAAAAAAAAAAAAAAAAAAAAAAAAAAAAAAAAAAAAAAAAAAAAAAAAB6cH5HW4uK65I7QAAAAAAAAHh1PiPd4dT6YDnAAAAAAAAAAa4/XGWuP1wHaAAAAAAlVKCM5NM5AkePN6ntHPyXedBkAAAAAAAAAAAAAAAAAAAAAAAAAAAAAAAAAAAAAAAAAAAAAAAAAAAAAAAAAAAAAAACXV26sOXHKd7quUB3fVj8w+qfLh3fk3fkHd9U+T6p8uHd+Td+Qd31T5h9ePzHDu/Ju/IO768fmJ9zGe7i3TYOy82M93Py8kz7R5gAAAAAAAAAADfFN8kYb4brkgOwAAAAABKqUEZyaYzzk9wS3U25rd3beef1dvZgAAAAAAAAAAAAAAAAAAAAAAAAAAAAAAAAAAAAAAAAAAAAAAAAAAAAAAAAAAAAAAAAAAAAAAAAAAAAAAAAAAAAAAAl1dwAeuPPZ5bnUT4c4Dp/wAjFf8AIxcoDq+/in+Ri5gHReonwzeovtHiA3eXK+7FtoAAAAAAAAAAAAAAAAAAAAAAAAAAAAAAAAAAAAAAAAAAAAAAAAAAAAAAAAAAAAAAAAAAAAAAAAAAAAAAAAAAAAAAAAAAAAAAAAAAAAAAAAAAAAAAAAAAAAAAAAAAAAAAAAAAAAAAAAAAAAAAAAAAAAAAAAAAAAAAAAAAAAAAAAAAAAAAAAAAAAAAAAAAAAAAAAAAAAAAAAAAAAAAAAAAAAAAAAAAAAAAAAAAAAAAAAAAAAAAAAAAAAAAAAAAAAAAAAAAAAAAAAAAAAAAAAAAAAAAAAAAAAAAAAAAAAAAAAAAAAAAAAAAAAAAAAAAAAAAAAAAAAAAAAAAAAAAAAAAAAAAAAAAAAAAAAAAAAAAAAAAAAAAAAAAAAAAAAAAAAAAAAAAAAAAAAAAAAAAAAAAAAAAAAAAAAAAAAAAAAAAAAAAAAAAAAAAAAAAAAAAAAAAAAAAAAAAAAAAAAAAAAAAAAAAAAAAAAAAAAAAAAAAAAAAAAAAAAAAAAAAAAAAAAAAAAAAAAAAAAAAAAAAAAAAAAAAAAAAAAAAAAAAAAAAAAAAAAAAAAAAAAAAAAAAAAAAAAAAAAAAAAAAAAAAAAAAAAAAAAAAAAAAAAAAAAAAAAAAAAAAAAAAAAAAAAAAAAAAAAAAAAAAAAAAAAAAAAAAAAAAAAAAAAAAAAAAAAAAAAAAAAAAAAAAAAAAAAAAAAAAAAAAAAAAAAAAAAAAAAAAAAAAAAAAAAAAAAAAAAAAAAAAAAAAAAAAAAAAAAAAAAAAAAAAAAAAAAAAAAAAAAAAAAAAAAAAAAAAAAAAAAAAAAAAAAAAAAAAAAAAAAAAAAAAAAAAAAAAAAAAAAAAAAAAAAAAAAAAAAAAAAAAAAAAAAAAAAAAAAAAAAAAAAAAAAAAAAAAAAAAAAAAAAAAAAAAAAAAAAAAAAAAAAAAAAAAAAAAAAAAAAAAAAAAAAAAAAAAAAAAAAAAAAAAAAAAAAAAAAAAAAAAAAAAAAAAAAAAAAAAAAAAAAAAAAAAAAAAAAAAAAAAAAAAAAAAAAAAAAAAAAAAAAAAAAAAAAAAAAAAAAAAAAAAAAAAAAAAAAAAAAAAAAAAAAAAAAAAAAAAAAAAAAAAAAAAAAAAAAAAAAAAAAAAAAAAAAAAAAAAAAAAAAAAAAAAAAAAAAAAAAAAAAAAAAAAAAAAAAAAAAAAAAAAAAAAAAAAAAAAAAAAAAAAAAAAAAAAAAAAAAAAAAAAAAAAAAAAAAAAAAAAAAAAAAAAAAAAAAAAAAAAAAAAAAAAAAAAAAAAAAAAAAAAAAAAAAAAAAAAAAAAAAAAAAAAAAAAAAAAAAAAAAAAAAAAAAAAAAAAAAAAAAAAAAAAAAAAAAAAAAAAAAAAAAAAAAAAAAAAAAAAAAAAAAAAAAAAAAAAAAAAAAAAAAAAAAAAAAAAAAAAAAAAAAAAAAAAAAAAAAAAAAAAAAAAAAAAAAAAAAAAAAAAAAAAAAAAAAAAAAAAAAAAAAAAAAAAAAAAAAAAAAAAAAAAAAAAAAAAAAAAAAAAAAAAAAAAAAAAAAAAAAAAAAAAAAAAAAAAAAAAAAAAAAAAAAAAAAAAAAAAAAAAAAAAAAAAAAAAAAAAAAAAAAAAAAAAAAAAAAAAAAAAAAAAAAAAAAAAAAAAAAAAAAAAAAAAAAAAAAAAAAAAAAAAAAAAAAAAAAA//9k=');

-- --------------------------------------------------------

--
-- Tábla szerkezet ehhez a táblához `vevo`
--

CREATE TABLE `vevo` (
  `v_azonosito` int(40) NOT NULL,
  `nev` varchar(40) NOT NULL,
  `telefonszam` varchar(40) NOT NULL,
  `email` varchar(40) NOT NULL,
  `irsz` varchar(10) NOT NULL,
  `telepules` varchar(40) NOT NULL,
  `kozterulet` varchar(100) NOT NULL
) ENGINE=InnoDB DEFAULT CHARSET=utf8mb4 COLLATE=utf8mb4_hungarian_ci;

--
-- A tábla adatainak kiíratása `vevo`
--

INSERT INTO `vevo` (`v_azonosito`, `nev`, `telefonszam`, `email`, `irsz`, `telepules`, `kozterulet`) VALUES
(1, 'adam', '3435325325', 'ad2.2005@gmail.com', '1234', 'ada', 'dam'),
(2, 'adam', '3435325325', 'adaaam.@gmail.com', '0000', '0000', '0000'),
(3, 'adadam', '34453325325', 'ad2.2005@gmail.com', '1111', '1111', '1111'),
(4, 'adam', '3435325325', 'adaam.@gmail.com', '1122', '1122', '1122'),
(5, 'adam', '36306456285', 'adamka.@gmail.com', '8471', 'Kaptafa', 'Dozsa.utca.4'),
(6, 'mutyu', '36306456285', 'mutyi@gmail.com', '1233', 'ederics', 'petofi utca'),
(7, 'adam', '123456789', 'adam@gmail.com', '1232', 'kaotafa', 'fadadaF'),
(8, 'adam', '123456789', 'adamaaaa@gmail.com', '8888', 'kaotafadolo', 'ihgen'),
(9, 'mutyu', '123456789', 'mut@gmail.com', '1778', 'fuered', 'haz'),
(10, 'adadad', '1234455667', 'a@gmail.com', '9999', 'adam', 'hazz'),
(11, 'afaf', '11111111', 'ada,@gmail.com', '11111', 'adan', 'aedam'),
(12, 'Kaptafa', '123456778', 'adadad@gmail.com', '1999', 'adm', 'Dozsa.utca.4');

--
-- Indexek a kiírt táblákhoz
--

--
-- A tábla indexei `akcio`
--
ALTER TABLE `akcio`
  ADD PRIMARY KEY (`a_azonosito`);

--
-- A tábla indexei `kategoriak`
--
ALTER TABLE `kategoriak`
  ADD PRIMARY KEY (`cs_azonosito`);

--
-- A tábla indexei `kosar`
--
ALTER TABLE `kosar`
  ADD PRIMARY KEY (`azonosito`),
  ADD KEY `felhasznalo_id` (`felhasznalo_id`),
  ADD KEY `termek_id` (`termek_id`);

--
-- A tábla indexei `rendeles`
--
ALTER TABLE `rendeles`
  ADD PRIMARY KEY (`azonosito`),
  ADD KEY `vevo_id` (`vevo_id`);

--
-- A tábla indexei `user`
--
ALTER TABLE `user`
  ADD PRIMARY KEY (`f_azonosito`);

--
-- A tábla indexei `usertermekek`
--
ALTER TABLE `usertermekek`
  ADD PRIMARY KEY (`id`),
  ADD KEY `kategoriaId` (`kategoriaId`);

--
-- A tábla indexei `vevo`
--
ALTER TABLE `vevo`
  ADD PRIMARY KEY (`v_azonosito`);

--
-- A kiírt táblák AUTO_INCREMENT értéke
--

--
-- AUTO_INCREMENT a táblához `akcio`
--
ALTER TABLE `akcio`
  MODIFY `a_azonosito` int(20) NOT NULL AUTO_INCREMENT;

--
-- AUTO_INCREMENT a táblához `kategoriak`
--
ALTER TABLE `kategoriak`
  MODIFY `cs_azonosito` int(11) NOT NULL AUTO_INCREMENT, AUTO_INCREMENT=8;

--
-- AUTO_INCREMENT a táblához `kosar`
--
ALTER TABLE `kosar`
  MODIFY `azonosito` int(30) NOT NULL AUTO_INCREMENT;

--
-- AUTO_INCREMENT a táblához `rendeles`
--
ALTER TABLE `rendeles`
  MODIFY `azonosito` int(11) NOT NULL AUTO_INCREMENT, AUTO_INCREMENT=22;

--
-- AUTO_INCREMENT a táblához `user`
--
ALTER TABLE `user`
  MODIFY `f_azonosito` int(11) NOT NULL AUTO_INCREMENT, AUTO_INCREMENT=26;

--
-- AUTO_INCREMENT a táblához `usertermekek`
--
ALTER TABLE `usertermekek`
  MODIFY `id` int(11) NOT NULL AUTO_INCREMENT, AUTO_INCREMENT=6;

--
-- AUTO_INCREMENT a táblához `vevo`
--
ALTER TABLE `vevo`
  MODIFY `v_azonosito` int(40) NOT NULL AUTO_INCREMENT, AUTO_INCREMENT=13;

--
-- Megkötések a kiírt táblákhoz
--

--
-- Megkötések a táblához `kosar`
--
ALTER TABLE `kosar`
  ADD CONSTRAINT `kosar_ibfk_1` FOREIGN KEY (`felhasznalo_id`) REFERENCES `user` (`f_azonosito`);

--
-- Megkötések a táblához `rendeles`
--
ALTER TABLE `rendeles`
  ADD CONSTRAINT `rendeles_ibfk_1` FOREIGN KEY (`vevo_id`) REFERENCES `user` (`f_azonosito`);

--
-- Megkötések a táblához `usertermekek`
--
ALTER TABLE `usertermekek`
  ADD CONSTRAINT `usertermekek_ibfk_1` FOREIGN KEY (`kategoriaId`) REFERENCES `kategoriak` (`cs_azonosito`);
COMMIT;

/*!40101 SET CHARACTER_SET_CLIENT=@OLD_CHARACTER_SET_CLIENT */;
/*!40101 SET CHARACTER_SET_RESULTS=@OLD_CHARACTER_SET_RESULTS */;
/*!40101 SET COLLATION_CONNECTION=@OLD_COLLATION_CONNECTION */;
